text,vec
Wirthはヴィルトと発音します。,xWgxP0OmCj-T0mHAeGZHPz_VnL-a_4O-EHH1vmBHQz4ta8i-PEWgv3qPfL8b8Nc-ODOSPadEqT8za5E_gySwv78VST-saqu_5ukEwPghQj8ni_e-J2tXvoKbKr9ixNS8h4cPQAL4zb5qKh4-v1SvP5XChT-JEIO_f9OpPjCZ3L9Shve-F4_jvqh20b5M_AHAA6sxPzADIj-bHDU_o29Vv4388T23H0m_ng8vvg8gqr8zwMY_D0NCvjczHj5ZurK-mQMbQN8a57-7KEK_66jOPTALbb8Dr9e_d6HHP-R0ET8HHZa7e5swPltHMz_R7aa_fmWLPkWErD9bOCc-gEYgP4o7VD_gQ3u_ZNIJv2MK6D9ATNE-S2kRvsrlhz_ZnRs_hxMhP945nj46Y9o-8wWGv-_oPL-A0zI75Vo3v6DeYb-zCNE-l8TwvLBRAEB_bYO-MZ-_P1SnJb82UjU-cEDAPjX4F78w1t4-D5uVPlQrsr7CP_w-l_RWP2MYIb8cAZ0-Fa1TvzWdWD_jnpg-oS3HPT392r4PMYC95SroP1LRuT73V2Y_aM7Nvm_4AL8nXGc_7taOvt0LP7-Bhga_YrTSPyfStL8HQnA9HRnkPh_CGb87vgs-Wz8Pvc-_Kb-ub4M-MHF1v1hcUT7zyAS-Lde4PhrsQj_qu9w_hUXOv0JAAz8DvYs_28exv62jqj3aeRw-KCn9PspfND6qSj2-r3avP3blhr_fpyC_53wmP5XENT7te669W1vIvTe_HT9vLWu_nEPHPvrKBL8a3cQ_6568vmoa1b5xYK2-OAmwPgyNCj-1fzo-Dyu4P_sFNz8A8uq-zb0dP6rTIL8HLCs_YywYP43CgT9DBXw_zeY5v48nYj-m68e-Qjmfv3vOBT-K7a4_1ayzPtqsk77zBN-_bWAXvinzhb74g3I_aWelPtzANr8aonG-g4jMv0CrlL4-nQC-1_IQvfvieL8vrkU_UlrAPkpRML4SUVk9jm2VPn0isT5N5_i-6GLDPsu0_z6na809qAaKv-PVAL_Ksne9L2HJPTU3oz8dtVg_05BTPwiMAT69_di-YxTjPpTOpb-rt0y_U7pfvicGhT_qP4C-p2bKvubPkL6M5zU-KJIQP-L7dr7NNrg-ciz6vgHCSz8tpng-qvFdPj0M2L6JTBa-Q45fvunIqD4PJkG-KdEeP4SnK7-flYY-u0EIPnmUAb8iL1u_YI7Pvg2lHL_4nQA9pdihv8uPbz7VeFI_An7XvnNgqj9H-VQ_6dyxP5E-NT_I-4g_Jy8NPjOe4r17N0k_R9wgv72Q4b8gkmY-MKRvP2vK2L4PKTu_9ZVhP7MeHL8qnvA-nrUwP4u2JD8zxY0-blbHv-ZHjb_qwoi_QjEePpt6pb_juLg-jekmv8MthL1mEj6_AkWVv3Nz6j37m7G-p-pfu4CbDj8L9sm-k5kBP2QtMj_i3Q4-D0vOPyrnLL893XW-KmupPZ1qdb8nwSU8P4vrvuoOaL8ssR8_MvgGPjJBrL84Ifk9b1QBPV-aAj6N-N8-M_EkP1Dzcj9TPuW-8Ehavk2ZQT42B6o_5RfNPqN8Bz-_jAFA2daLvyfezr4ykPS---qpPzNen7_lOeM9WhABvQ8hVb5LG0u_DsucPwr-eD-jZYQ_ABbevDKrE7_kYsk-h1c6PxL4zz5qMvu_XwhsPyX4kz5aQYk_TU6BP6uFLD-XjHw-Y3iDv6dnhT6BZ8y_GSCavoBHzT8_VFQ9UImgP_NyyTxrIJm9ndRQvuYIyj4GQK8-R9WRvgXd7j7TkBc_kHIuv4pWXT9Pt6K-clFIP5PyfT_3rKO9uemkPxWiZb92LxM-jxjVPoRbDL-R35I-5qm8vWezMz-LNwq_Pelxvo1xbL7Kv_2-XTt7Po_NCz-VNgk_wtbfPi_5vT_96j6_aGtsPzkiN79NZKM-xcSyP-Rsrb7318S-jKUAvxPQIb6TXBM-siTHPecM_T1TP-k8UeIKPQEQLT9av7w-c0YXP-EwBr9yWAe_8FrTPbdM1T5_dSo_7lUDv1_8ub77aY8-ACtvPufgWTy-9S0_umS6vufyd7_00pc-WjYmPr0Y3b-z39y-_AGlPriLuL6Xjra_64ZsP-9mHT8aikK9lm8dv4tNdb9jRxO_0dIeP48YY7_q0WO_4FpdP22O8r17bKC_6EstQBrJ7L0NawY_n5WNPzpwI787vre9QMPpve_Yaz8R2Ts_V1xJv9tkBz8HBc48D8GbPvvcjz9_88A9_zyyPX_Yh71qARU_p2FqP_rnYz8tEWE-LejMv9jmiD6oIFg_tZjQPZByPr7P29C8KN2hvt0KCL78jqi-WrR7vmcKgz9_2AA-AO4bP-34lb_fMpy_pCPIPSBqPj_dp-k-f-Dav92nkr847F699SexvU8RVz4nMiM_JyMpP4Jifz_iaDS_IZmcv8Nmo72Hgye_vDqGP-VjkD_zJoa-3X2Wv0OR4z6PzTg_andrvicCnj45Br2-NR1aP8Ai_D-YqRu-PeERv98SlT4QW1e90B-QPlPyCz4xObq_IzInvPvq8z23LOE_zoOLvmWREr_Qjzu_q5MYwMNBID_R0Ku-dzxGPzCIYj53uV8_YoMAvZWOIj-V7LQ-oEVdv7erBD9Lii4--NMwPem9j7-zeoQ-ZAQVP-B5mD1-zh--wkXFv9Jpj74Sa3Y-Z615P_n6mb83uBo-Q2azv-uPdL-Kzs0-o2JDvxt4uTyXO-Y-CFuePh8NwT-FE4S_877rPVoBer2aH8O_3QkYvHrTgD_l_5y_x0CYPTRNPz6Do7O_8V2rPnKTZj4vP5G_SdWYPr4Arj7T5ri9JzRQPlW8wT6YxYe_cx2gvmPWBb87tqs-sSuWPmyvFj-jXSA_fv0ivwuXNT9rCFo_k4jlPga0Hr5IekQ_T2oxv--G9L0i6Gm_JfqKv36wOD95_ha_E8hRvyheTr__tUs_632_vl0yJz88OUQ-g0GAPuz8vL-fseq-m-6gv4i5Qb0zttq-Rx9VP_tdOr9IOps-JPkMPejivT6H35E-MIf-vYuZVL84fiS_MJjKvkDDq78F2VA-fY6BP_s3oT7jYbC_XGWIP36mID8eY5-_Ow4yvy2bzz_B_oG-8o5KP3j8UL-GYT-_AF2RP9RWOb-T3ae_0EGiPzicGz57NY-9rfjdPvf3gj_aINu78MnQvtO-GL8Deni_V3zuPiodbj-Xpvs-2vd1PKNto71CBsM_7WIMP-gCUT_NzLw857YavpeWXz_T2gW-1bvuvgoZ972vdBQ_XY-uvtaDpT6iWk6_v8rJvhfOjr_mJ4g-sovTvmdmqz9eID--0-UjP6djzL5yrAm-nbJsv49ti79iUm8_aIcmv0adCL5vNd2_VVFhPqPUf79VfZc_-I-qP38wNz43xAO_I1V2Pwvwnz8tMIO9Uv8tPkM7iz-3w6g__yc8v9DUDz7yTZ4_WZUwP8a8SL-1wPY-w8NaP6j1eT9lZ2s_YfGoPo3tK76DMvY-uXkPwJNksL_CKKm_URsOPw_5Ez8Hk2Q__nsQv_L3-r6Xk2u-aW6WvosrJr-jnKO_mMICvoMAIj8aM9s-PmeNvvdlgb9pAw6_Eh1yPzjhlz56mWw_5HAnvwLABr7U-IA-vRaLvnEPyL6n8Ku-S4B9vfrU57xYdwY9Dt4PviOx0j7zlTy_bTUfv_pZYD5BIZ-_QqQfvpbdOj0Swi0_6M4Ov6IMP764Fae_-JGIvSH8lr_X3_6-gwMCP94IRj-nepy9GFlhv_Ic074WwjA-PMqNPnXsiz633mc_M5R-PyDnBr-z9x1AAGPuvVqH3z77f7O-EP-uvn-xbD5f4v69Tc-vP9ts_b6vLKm_K__Rv9rlnL-jt-e-cALovsuWlr-tM0Q_vwiCPuv2cT9R-ga-n_MWv5BXxz6eVQY-TzgsPY9_T78Xkv--Ik4ZvwgTzL7fsl-_lfSTv2H1Rj9SIU4_gliIP8p-UD_wz_m9pUWVP7puND8qr4G-aqU4vuMo6D6fZoG_z4GMPoJIzr0niVU-ItPIv136Sj9VdK4_MCrtvk_h5D13ha68EwYZPq2b5b5HNho-v8x7vtqPa786osy_
Wirthは、教育用構造化プログラミング言語「Pascal」の開発者であるニクラウス・ヴィルト氏に敬意を表し、その名を冠した2025年生まれの新しいプログラミング言語です。,fiLVvcoigT_YfFDADS94vyo4N78u7Di_pVxVv31CgT3bZIa_lOFMvHSA1L89NRy-jZQ1P8WJIT-ja5c_9w23v2-YljwIijO_u5UqwNmkeD_-atq-mNIOPm1qbL-dW-k9NYYXQCimGbokUFk_fA3hPvU_6j79PFO_CiQ5P-8Y_77ldsG-IzLNPhBrGj5GK4a-YGXGvXk5Qz6JuA8-CjezPA0tH0ATcHE-AYdhPhpJEL-32s4_LGNBPlP7kD4oo3--o8cEQN3Srb_9Gxe_BVs6v8Qq1r49yYy-WnQQP7RHtj8jRcy-lBgvv_7ybL6yuNm_yqBBPzMpUD-op8K-y--ZPhRPrT_n73-_gpESvw6x-j-Qtig-ql5qvq86OT9NMWs-7xsavlrOgD8kyhq_TIDwvg9ZKL8U8Su_RL5HvwwP7z0I1aw9kFYdv4gsSj-qsxc_uiKKP4RJYL8YfQ2_D8L8Pl4grD3eLbU_6vRmP5VN0r7nDLg-yp8HP1IlFL8zVcY-XjqDv_oDBT-uS0A_MBcOP2Y_gb_uEIq_rc06P1iqKT_whR4_Xh2KP4Jpcr-48Hs_Q49Kv5jhYj56U5G_WejUP8nidb1Fl5e9pTSqPvhtX7-2TIa92ua2PcrqHj8I9mw_Cdcwv51VqL-aL2y_bZlDP2gwDD1HKd8-hTeIv5TtHL8nueo-N-8QwFppx77pmyo_PozGPqh5WD86rRk9ilEdPxrr-793ox4-_0I-P-T6nb6D47w_xSWAvtm4Vj-AILq_PLKVvk816jx8bUE73KK7v-naeb_6Sfi9jv3QPR0wGr4u66O-lM-7PfAZFb5yBTG_aAuwv9_gwz4ZmKc-ahPIPZhIbj_br4A_FE5QvuMhMD89uo49tLkvvg8K5r3w0Eo-ZhB1vqLVZj4qIq6_GjkEPn7hmT5oto8-1LteP7QtQL8-2Tk-Fxsbv6HF9r0B25a-w90-vi91VL9ctGY-8hihvhLTlb8_aUw_Q3qBPtlzpb4sQdw9WpaHvu31Yb-n5n8-Xi6YvvjfVT-tHly_EK4av-1kNj9dkZQ-9Lc0Pg92cb8va2-_EZ9NP4NB4b4qoxy_7HKzv5xzWj7GcIo_dfYNP4L_3L9eDJ--9L5vP_nDuT3aJ0M955qyvW55Lj_jv7o_LqofP9lwuz46raI-_5uTPkK3ET-eWQW8anPoPkhzWD3vYOk-Osz1vjodLz5AypG_EDa4PmcJqb4j21e-CdcawEOYkD85mr8-xiRuvrfGnj9PwG8_5jDvP-_arL4hcFM-1d2PPoe6Tz932Vg-NssAvzpTpL9MjDq_Ly4yPmWrRr-4CHK_wSRrPyPodL2q6TS_7a7SP4jnZT-5GFm9KOQ2vwGo1L_kNeK-5tWWP5P3W75a0iQ_jAKEPui_0zyxVpi_lIU9P-1VEz_hc_a-xX46OosVAr459GE-al-6P7m_CD5lgt6-NcmfP0OUaL8lBiC-b6VGv9IcCr_mbgC-PswgPk79E79ZtFe_AUn6vqlnUr8TIgi_KN3aPmnCTr4S0NU-CFcDP3bifT_DICK-bWV1PbQE3b7DrUI_o-0IPsoQqz_D4Nc_-hVxPs3_lT2cGXK_xtZtPwpckr9t0Rc_rsApPsiJjL0eLLi_2UUrPyjf8j0e5IA_HrCgPCF-Z7_K5O--eASOP9O0ej5V9UO_mO1TP3lahT8Z94w-CHhrPykScD_ZweY-_A00v8Nm0rvv9wPAXLFWv2SCrT_GIPG9aja3PndXr76Km84-06qCv_KcM74N1g4_lK1tvk6XJT-PcHg_iKjNPjf32b0pj4a_v0mXP7wISD4zbYm9CffuP2NSDL-o8mK96uoxPgU2Kb_Irpa7OKSRPg_aGz-yp44-DWqxP7bYhr-57Ay_LSlzPvbOCDz3-m8-7YltP3rOVT9wIxi_7cG8P7frcr7ZXgk_u1yfPtOvDL9NNlg-FQFVPtnpnT3IA2U_R5waP4NJsL4t1zY-Q0CFvQc-PD93Dme_0lsdP8pqnr_SBI2-aPVGv-RIlD_pJaA-legsv2mWz76ABjI_LjiKPmbCjb4FD2w_qh_LvuOKK7_bzpk_ygsLP_dMdb2N1bA-iwIEPtTkKz_kMLu_EV5rvv9cGj_H9Ry-V6knP9qLZ79qQoC_RaNWPmgsvj7Nig0_T8u9P9iY_r49tpC_js4GQG-fD7_QhRo-NFuFP7rUh750BES-5AAZP_kHsD_4-Zc_KT2Bvx7nbr8EVAS-tFekPhMvpz6aaHQ9WFKWvqrsgD5KAye_Wv4CP0unmj4DN9--Rjx0v9iESz867Zc_bsSiP-dxHb8tQLM-CqmPPkUaRT_7_AW_E1OsPlm-CbzwPI6-77U1vf23hr5Kjm2_zblAPcePgr6riSy-mfK5vz0Ekr7gl5s_FNtlP3Gw2T4bKao-c_yhvvKB5j9NGKm_ANqKv8aWCz7SjZW_Zy5aP0pcNT9nxsw9qXtFvwar7T2yhgO-o5ihv9t_Hb-ueJ-_8bZfP2j9oD91-Di_lYoPvw4wuz0vPqC-jcuGvktbLD6Dw1e_bglSv5S_GD9-AbA_eDwqP0IqRb-32RC_UzCyv9lXIb74Qym-asG4vqjaYDxaHCU-qX3-vhcgMT-moYm-qOhQPsK5wz4q10-9-COLveCWuL-0D0a_5JqGPw3BJD8eAV0-aJ4aPqUnAb-gepS-pDuEP8wkVb_tSz0_eryXv3XoVb4yr3s-Lx-svgqBJr7CPxs_VCNRv7i74j9SeUW9D4VhPp8xqj4SpWS_pV8nP_kBwr7h-Iy_aRw3P-MGHL8Ccp6_x3kKPxegUj-c-tO_HR2RP-oKlr4Ol3Q-s4GeviQgRr4bpoq_o7Irvn9lbb7QS8e-WcQCP53-A755en0-p-_NvXwtZj80DkI_xc4dvZsdnb7Ci50_v7EBv3QMsjx-4TC__CZIvyUGiz8ZfUy_xSuSuz1V_L76Wuo-bm2MvoWvVD8dhj6_ADdGPHlwSL9vcme_Q-5dPkqJljw63pq-oCwJP6N9q7zyGiM_HLYwviTJRL3-THE-_deLPijZuL_wxzu_kppqv66sLr-3FCg8t6zCPgIHRb5-KOe_d5rGO9z1T74jylO_cGaFv0CTRz_0uqg7Sq_Mvsz3bL8pnDa_KWAqP1AQMT1vbE6_ROjIPk0r7j7Ffki_pLjvvn0z1T7fTRy_GZjGvq-58r5X0zC_Nyudvm82Tz_H37o9MH6nvdQkDL6uQSw_SpyBv_lUcT9ebbk9FpuAv_Q7cT-qu1w_NoIEvgJ_EL8XI84_lTZTvwGeWj8MBxA-T4Zwv7aeeb769Ck_M0znvl4Ilz_6hiS_UtvUPvJWY77Pv5q_NQ6uv7ppmr6I6Vk9U-85v9TqDj_ZwLS_U5MPPhy40L94fmE_Kp31Ps_2pb1BdOC-VMLrvoPw0D9lfiC_IvGGPfL1hT-gNglA_c8TPzMzfb6ac18_n0BRP78aIb9IVMg_OG5TP29_hT_40oI_3og8PioVEz3NuII_bp0ZwOk1jL-_jZW-aqDSPRnQNz1zB8g-CBWHvzeU9D6Du5s80sWDvY4kMr-C3iK_79uWPhQ_Ij9qVwE-GgUvv1m6Fr9ubyY_c9uDP0nKir6b6xY_kkYMv1-xLT9yt7Y_gfGGvgvwG73vzG2_javTvRkvPb09llw_it3lONVhmD3TEAW_7Yxwv9DvC7-Rl2u_w9Y2PhSSVT8Fp5g_DtRgv8j3tT5MHVa_V1yOPx9xWL0-w7a9WbtgPvlGaD8l78W9ord8PcnpWb8hznE-FMj8PkcZvb5-3sO--kRMPw_xMj5IDNw_t1wiPB6vqj8gTCC9Vl2JvheT8T7aAz8-I8iwP1kVRb9OrQK_SmOCvx6RHb_6U_s-j9ofv4VciDyAuxs-2hwjv3KQWL1eNnI_MhmVv4KQnD8SsCe-95juO35DTL_1-oU-6fVZvh8L5r6v0BK_sesLP_SOcrz0hmI_WbfhPipqEb_3k-2-2PaZPzM2M75DuoA9dcKQPsvYq72Za3O_BHGNP8PYoz6KRuM8oyS2vjemkT9JZMI_k7tUvdzk0T79uae--GhyP4VBC7-ETOi-wVn6vtzlxr5553W_
Wirthは、シンプルさと優雅さを追求した記述を特徴とし、構造化プログラミングを通じて次世代のコンピューター教育を支えるために設計されています。,YCzlPqMUiz9EgWDAmn9dvgqnHr4JvQ4_7MU6PpCpy74Oc2C_5WBIvjhtZb_1Yrc-zI5SPlgivD-bUY4-nHuov8XLlL3r_EC-IpcAwLOBWj_5Tdm9jaK4PofUgL8Zzam_HO7XP9M5Az9CIYc-lbb8PVkxC7647PS-k1PQPsxBe79g3BC-jiEpvv7-rj75UaG_gG4uP7PZoT6sq6I_R5oWvgIh5D6eLaC-0SuHPt3_B78bid8_NjrgvZLJsb6XM26_xODBPxtTm79gaTS-dFC9vhSgMz59SGm_V4plvngnCT7Osrk9oZM0v5NwGz95T7W_dUo7vmaTH77u8wE-VX5xPy0sgT8YrE6_dskhvyMAmT9gZo0-d6bqvrs2nj8eExg_CVkbPn8LDD9E_co92_-2v3bc278zhKW-jhxbvlaM2j3PCSg_bI6Tv0jvuj-JJxU_p13KPxr3Cb8MmRa-yqmPPtyXkr4CZuk-edhzPOD-tr2EF4k-2uU0PzPkjL8qhEY_EKjqvrafnz_YNfG-Z6cOvtMpH75wW7a_EDnCP38ZDj8iQ58_tZUAPf9f-z1AKiI_annQvgbAWb-Clgy-089bP9aiiL9Wg6y-Ip57P3SOJrz2X84-_wiYvosE7b3013-_4vz4PcyKVr7R_1-_IM26P6XQkz-XJbg-5ABOv71KhLydu7I-dA4ewNAJWL-u99U-jORxPn4HE7-vNYW_l2n4PtKOh78wCfi-F1YTP4PQHz5Uloo_Qubevk-uhD-N9ki_Ye2OPvFRDL9vEKA8Q-YUv8eUPb9Nhxw-WB8Nvw0NZ72YIYm-29t6P5s86jyCUp2_2OWrvy_gCb8Xr-w-1I-sPVETZz_1V-U_RxvVPlXMwD0f-D4_6TTQv9FYoz6vX3Q_wxwUP5vrgT_0b_y_1jOMvoMpVL4-uOU-YrJVP0K40z6YozO-6tklv8hwmj6-mUw-msY5v47ykb_T72U_eRCevBjQLr9nXBK_wCSNPg7Qmz7J8rS_ztDWPXuLgz5I6-6-k61Av9uEYT3rwBK_Tqw2vyyFbj_d-ww-GNk6vs6jh7_a3t8-JLEmP7uVFb7x1Ms-nOdgv359hD70dr-8AyI6Ptbr8r5pYjG9hq_RPrIYEL6n9gA_ke8Rv_KH_T6_Yve8OJGTPtawbL8v9709FeRTP8-UOb-FwZa-9HZqP5qCnD6p41I_EzgUP2zzK78-jhu_RNLLPpHKF76wWzS_lxkGwBMAqD8Vclo_lOeEPswU6D9gy1Y-A0CzP3CiB78uQv4-XVjEvdbKgr7sbVK8vVFFv71O7L4_C8k-H4sOP0nvDL7iDna-zyefvpd9Z77hOYW9kfhIP5fhyT5Yvic_Gy2Uv0zHMb4OTCC_BzkpPwTy1z44Grg-0dxwvou24L4YxDe_Vh0gPJcPib7jmZm-6skWv0dT-z5TzT6-WPilP9d5bz80XJW-ulmIP2aPSL9iAhm_f-P8vSrzOr9rHQU_g4FqP0OznL6_Yle-K7byvZ2Qrb8A8US-5ryMPQ-pnr66WXI_I9yCP0UUhT9re68-GHOHvmw2JL9nH0E_60FYP5dlhD0hcoY_u1-Hv4AxOr9JFN6-WvG9PzYXkb9kGjM_xeqBvbW8Gr7cMqe9gRt7P_7sgD7yGZc_nU00vvhWy78XnfA-01jfPmUkOj_dtlS_G3WRPy_rgz8LMfo-eSVuPouE5Lyr_zA_-xIXv3_2pD1TVtW_SmiCvt0Syz_ZKgS-RwhHP40deL6pYkc_Oo5Lv_jUM75CCak_xfxIvupV573EyxY_Ogi8v5ouFj4XrUG_y5lMP8jyYD_1vNu9gfiXPqXqaL8cWDG-FJKaPUfJUz71pN2-iXYgPzDtYj8u4Cu9OBF1P-usCL_qmqS-lLUev6xF2z0q1C2-DfhIP2TTlz8tQBq_EkiFPl1K475t1gg_DBInPose776-OZ8-dY0uP3q5U72vLwU_nKHjPEl8a76NNyI_6Rhkv5YWST01G-0-BM5JPyTwUj51ipw9B2OMv2vtpz-POoY_l6z6vb_Usz7DZow_vMV_P1KZnL8kXV4-uLwbv7P2qb9nbYA-jEUJPx58gr-2_1W_ja1mP7pqrj5vSOi_IKKgPsWWsj80TIa-NCvbPY3Xu74MsCS_dr3kPvuoMj7gp-w-CBvgPtHyjr8b-yG_uRiwP--1kD6g1lY_Z75PP03MM790wK6-Z4exPiF7vz8D-6Y_JISLvs9ckj7ih6G9VmTivuA95D-2MTK_ito6v9uVNj1Uwoo_JBS1PK_hAD_xYQ0_Kry5v1i6MD0fUD0-NWU1P_Nyur0c6gw-9lGMO_kELj9XB4y-hSrCvqUcvj6TYIs-swvIvQPEI7_JGI6_XzQ0PoZjYz9SkV6-ucPMvzMPOL-z3Eu9ibM5vzq9Ar8liWM-7pAOP6HTdT8f4j-_DiqXv4UhL77aIbm_a0r4P4hfRz9YCKW-W74dvz5K8L6Ib16-3LBDvx8krD6kZz6-ORTfPoqwhT-56I4-g-dcvwgFQz4qMy4-9iXlu6k3Kz8VdGq_uxa6v5c_kD9vBuQ_nNZ9vx9Qkb-w4sa-TEHCvyCKGD-kjMW-FJGVPyoq3z7_U4K-dHtNPrJIfz4quK-9jMVgvzNkjb_zti2_GtTAvkgmkL94h70-sUumP0ZK4TyGq-W--GS8vX2Rnz6qdz8_9kqnP2RQu7-VPgo_Tlnuvlb5cb-_LgE__8dQvvuhUb5BBF4_LiQeP_8bkD-fB92_fjeMPumDm76IXhy_HPwavgo0mj5T2Di_kAddPvDLjr0FShDAYD6PPpbaiD6uf6y_ZESqP_7cUz50nPk-b8c3vyvOcT7BNFi_YhqsPuZRxL-hZq89Ic_IP8mAkz5R1U89Umgkv6o3AT2lwGA_l27SPqbztL2hRPc_F_Unv3k3zbw1A6c-Aig7v7TVrT9hzrE-eh5MvzXWZ7-EQAY_7zLpvpdzvT565h-_N-H0vMTudr-iY5g-taT4vti8eT2CIZc-GagaPxQGj74N-wo_7-q9PmvGGT-ojoY_BvLXPLk7qb9UiIG_3TyEv6Wrdr8-Uii-HNwpPzVcuL72c6q_bBMZvhdGU73OEJK_MBxgv4h-Sj86OF6_twlpPvFjL790SJ2_NbxrP52TUr4TnxC_LDGYPyXXTT6SK10-4qAkvsiv-T5SIU8-yIcPv7SLkL7z6Q8_dEqWPiniZj_6i4E_GLqWvoLZwz1KlI4_CAAivupicD91RHY_jfzrvpNpRT9m5Ho-n3rCvhPOCL_TYp4_7xzBvwINaD99vQ2_-jO-v_4jOb6lPTi-rsoRP_5cKD_dOXM_pFivvjS3h75gUmO_YMwvvgEGcj5RdkY_gLJLvwNPQj7b0ha_ID2jPuc2TL8OhHY_bh2UP3-FFD_JBiG_A-C_P3ZOqD9HOLW-mo28PsFGEz-HP5c_3TStPUT5WT6otIQ_OS-KPxx9bb8CQ74_Vw0VP-zNjj8qUR4_ZJPgvSEb8j2VhXO-lurkv_okI79T0Va_fQaEvYT5Bz9f2DM-9A1pvzYuJb9PJR8-_GL0PmfTpL5Odnu_YKEUP6w8Ij8Sdiy-jyUyvlOcN7_dKma-rgM3P8gOxz49YXq-H8KKPvwJi71nDVo_JAahvtTLNL_i-vQ-Oj0qP5X2ST4AL4c_xH6EvbnuCT-HmRW_o_WUv_A5Ob8DA5e_xBAcvqu8Fr_hjSI_f_V3vzqIBr2DrF6_Q1_2Pvuqub4H-dg94Aicvj8cjj9cezK_QPA4v6Ht1b6sQCG_OJ2zPnkEqT4_-8S-FfpxPjVy7r4p5Jc_AA-qPYkDmT61FGy-Ek-gvppsur15ToI-H3--P2V_I799Gte_fsvfv0Bshj4xVw4_C6bPvmako79OE4c_9D3CvYgZxD-6zZg-uqGpvjxgcT9N87k-J6AFPwRg0L5RwZm-Ytsxv427Lr_sHYK_YLUAPmJrVz-qcay-4KOGP9vBTr7Vphu_4NQIvrzZEj0PBqq-se0Jv60Lhj6rw0-_X8mBP6_xsz2NhTS-AxPwPUSACDwbQlk_n9t5PX58YT9psHi_CPjtvSe5Xr-7xNs-25ISvv3wKr_h8JS_
ブラウザで動作する実行環境に、Wirth Playground [https://code4fukui.github.io/Wirth/) があります。,4i9fPjhykT8JyjTA3gkHPn7nST42thu_WST1Pj1a2j5qTAzACGUvv4d7vL9etPG-IIEyPW_abj8TrTQ_-Y-jvVlrEb44-XW9J3XQv2odD7_Ox-a-XrprP0fw6LygEaO9zvIxQOCdSb65Ozo_1OJTPgM8K78BGji_LKr2Pva6Er_Pb2I-okdzv4-hLb_rose_fXKQPy4-Zr5ibNg9X4IPPnD2Ab-dxb6-bMuFvMlNZz4_4c8_TpBcvtbVfD9xuz-_PgijP6rGxr85uqW-GukMv61_m71fGgm_ZGeAP6dNnT86JwO_OItBPSEJUb57_wQ-NMy_vm6kgz-DK2w_KXUoPQUc6T9d8gG_K1oCvxDFjT-sLP0-jHUZPwfVOj-0dnA_IJTku1tO8j3F9XK-rlGlPTMuUr_vAwW-rh0zvYs9O7_oZDC_c6hqvp18Mz9z_ro_lEw9PwUqNL8g32G_UbTuviDUir7Vss4-Y12IPnxgMT6JI6W-AKUkvgjfgL9RYvK-Qg8RvTmVcD87NR0-24J_v7lfnb_fzwK9AHuRP1cLDb5f5SY_dQpUvnj_hT9jKOY-2BLYPhYV-r7wHUM_Iz5ePxEQY744hB0_owlWP3tST7_43Zu-O2hSv7N8Cb_4ads-2Mqiv8P5ob7xyow-cR2-Pn_wij9zysM-MmaBv47opT_Y4y8_AoGtv_YRd768Y4G-2Dwsv93_Eb7FmOe9pdqlP4IuOr9-Ypi-XWFdPiZsI7_GVpY_x70_vtM4ET0MLsK-a9CdPq2DxL6uHhs_DtNnvzZ4jb4BzcK_jNcMvscdLL6RXgm_fxiSP8Mdpj_ucC6_0GtXPdYNNr9xjsO9yrXiPsnxqT8TrfI-4NPCPg9lUj-3qxu_qjYev-7NXD69wTY_jpE8vnnyhz141AXAm85ZvwGgRT1ucGY-3nGXPkkxHL8RcGg8dukDv_MRj765fBe9eT3UPNRKV79x7MS8Zy6ZvhtEFb_9lZM-cLcjP5ujp7zYBGs-O2-Hv38koj6Ywne_IKFnv1hhgz-7TMi-8139vlNgQ7-12CE_x-zhP-7kEb-Jdw6_OZLPvesht7wb5x8-CU4vvqp52T4zZfG-A4sKP10ycb8HovW-qtd9P_iWgT6dYBm_lufmPeDZST9TDke_pdBsvohdH75rYZO_lMZGP9DTGT67Owa_IxpqP_Y7dL75OIk-_OHWPc5kPb6zvAu-zwmPPlNEjL8G6pm_dcyevwgSGb9zOX8-FhSGvwT21D_HXqO9jTmdP31ntz7Tgqs-nrMiPslJCD8seVQ_qXa1vgE6G7-gSXc9bGaCPIthw74RZXC-QiqYvo4Jdb6Zmao-voMhP2f36D87e94-DuC-Oj4aBb4cUIy_rMCuP4gJAb63KIg_TVlSvye7JD7694o-QzQFv10orT3KGt48XJw-vqy0tb5yrjO-Nb_Wvvyumj-NNSe_uJqFP8ro-D0n5Nu9IwQcPj7xO77qbbC93YqAPq-WQ7_zSua-iUByv9STir_0kCI_03I4vikaVr7vRiY_Uj4yP1JpKj6D_6A_rpOXvtr1KD1sehw_2As-P9WgJz_QiSU-VEWjPtMNZT8kKKC-grKdP-6LJb8gvV2-g3pnvsoigT5BlFW_gc-EPy6lkD8Utz8_v6I6P6GenD4sovw88a8ePxRtFT8TDTy_dR0Mv1GEqj3cbL-9iK0IP3Kf1j5JkHI-EGIZv0Xq1751u8K_bIWGPneLrD9C7_O-wwePPzN_6T5Yty6-lIiIv73ePD-o8pI_ijpSv2XtNT9_Ksw-1eXRv9qykT6lxko-Pd1pP6BWJD_Q7Zi_mLWLP2w0f78YG36_EKSAPtu19T4xlis_E6GovhFHjT9p_r6_XRXaPmX6Qz7PNim_zln8PsPJSL9DSju_0zc5PzGvkj-phpS9yCuVP6ROrL0ORHA8UlVPPpbktT7z9ys_KW3kPkyIQD0rYcu-1yBAPtRR2L2iqSO_jisdPlm_Pz9Eo5I9e_k8PsNiLb9OoPU-M6rHPRnCmD_ixL8-xZ-5vsr9Fz8epes73K29PiWY7jz-5Ig-vmoxv6PWxb4Dbu89EJYtvkyfzb8Kfz2_hyFYPWwkvT59zYO_RpSZP6knJD_0RYs-iBebPuLdpr_Ttcy-_lhCvr5ppj37ZSG_Xe4dPokRbz4O0dW-HmsVQB63SD_RMvw-ZlCWPfSXPr8hmIU9M8rHPocq7T2Yu7s-p4JnP95Ibr5H3Gi_1ZMwP1Ngxz6Rh2M_YZUSvxv1Wz-44Wq-B06NP6bwmj4UDti-FrKUv0JLb775sG4_8cAjP1Pp576znQK-9DlLPzxmJj9qaMi-mG6EvjEA5j-nqeg-FXm4PsRL0r6TUFe_al57vl211T8W4V4_3izFv3jbMr3Fsoc_lHBcP_hqCj655Y0-tLV_Psm5zj9exKW-y2EGvx3m67xPwF-_7Ln1Pv0n0T2zOgM-c6WIvxsuCz4eJng-xzkBv6_v9Lu3MU6_HF1TP2fFuz9zpu4-ptWDvIC5nj7sQvk7ibIeP5KwFT_CGAm--riRP_gL9j5FKG8_fVYAv54IeL92ByS--04owIwiuj5uv4i9pngRPz8qrr5IswM-j643vuUdBT_4wB68euAHv84-Ez_ZUhI-7lhvPkr1AT62quE-fLzGvnRcZz2Dtbg9mMpIPks5Tb95sas_RfZvPzO0JL-n2ro_82Xev4hdkL4-VdE-Im4pvu2_kb7EscA-CV9dvpWnFb8O65C-s8jVPqnwNL8vOzW_MbHvPqBmFD0zx3O_QseFv_1srL7Mw-S_4DACPpuvCz-7XzK_27JePxqLU77vTRc8E5AZvka6Tj4prvy-L0YPv50J6L6YFui-hoXIvthuYD99qSk_NMNtP7u6tj_DBvY-IhG_PzYOVL8Ucr4-E5VYv_RJET83cTK_cv2Pv6wTwj6FZxy-qeR5vhHreL1BSo88RxQfPnAxPj0RcQK_7mjpvDcxLr-ezA0_Y0gtv4PVeT6URYG98imdP3M1gr-Aawq_j5PavnIguz4DlQo_1H7SvbYhbb5q2WC_Ocx7vmKMX7-0zxW_QoFAP1KQgT8qv1q_NMiePO6C1D4eS1C_e7uTvulbvj75e9G-p8m-PgMNhr4QiDi_k4-kPeVsgL948tm_bGM1PxiWQj8D9xc_yUmwPji3gj9HomA-k1KOPbadiL7qgfw9qP8dvp0fuj42Ss87Ns3fvpZ0Wr-dXLY_XjSdv_n8mT9zgYO-DDvSvu6mNj-GCz4_E0WRvvMdP75i_Tg_o2-Kvx1IEz8bo_a-c-GuvQbZDL_8_Q29t7mdvp1jaD8XV9a-4MgiP0BkIr-zubG-4E5cvzkDmb3CFes-88C8vwDzib5ZZuu_uVbJPUMvnr_e_B494-kcPnZuVb7D5s--huciP3uxxD_MGQW_TlcdP5QOJz8wXIM_9SZDv1oBRb_H3x0_aR3fPjrXr74AvJQ_qWLYPv5FiT9B-LI-A8KgPe-IRr-eCQS8bm_Mv0Ayvb8ZfCi_EwCSPXCwIr9Co8G-LCHavgBoJr_Z02s-Z4g1Pk6L_j17tFS_QeWOv4PoZj9HX3U_KG4Hv6Looz5RNfQ-LFdZPwNC9z4sRMC9TpQTvu4PuLx0oxy_F0y4vo83ej5jFMC-9E52v5aCp70LsU4_rntYv4IkSb_0Y7--jFpKv9gCMT-we1S_sVl5v5M-Nr6aewc_IO4Mv24jlr9-ESy_x6TDP7aHmj3u_kc_jAv9PjgjET1pne-9BWrkvlWzub65Mi88-Ku7vjaPfL8PsgK_ICpIP9c_s79TY8U_3CeWvrzOQz_PHaU-PhCHPv3dsz1fA7c-sfDxPgznz75hCcS_eo2fvx3uT7882Qk__gy9vU9Hg7_wJpE_cJ8TvzKqrT6m-FU--Zp9v8q_kD_4Ans-q0i5PkaSBr8Q8AM_ErgGvxKSGL5Hio2-6JeRPppyED_m9a8-T0jhPZYZ2r3jBE8-bYWAP-Auar0bfeu-3qukPiVW3j71BCu_uc9qP69T2T7pdE8_gRiQv-U59D7vt9Q_JWQDP45Efj4DfY07gz2rPpS5Wr_04yO_yAq4v4o_t70Z3im_
"変数名は、英字で始まる英数字と「_」や日本語の並びです。ただし、以下の単語（print, input, and, or, not, if, else, elseif, endif, for, to, step, next, do, while, until, break, function, end, return, null）は、変数名として使用できません。",F2vPPkRxDb5kWDLAN1Kqv7_rDD-bo5S_N01TPt2lKb_qxIu_rDo5v0f90b8lNAk_1aiNP-0fPT9fjMY-wENev6wrIz-ZOFS_n-RLvxtZOD9oe5q-siuyP0crz77JUX8-tm71P8enGT8dYQ0_aPXDPoCLKL-wxao9fCP6PYl7UL-4abg-c_gMvxrXTr8Xrr89D5tuP-au4z8FepY-k2iovk_BLD-WiwA-20TLvhE_uT4ljsk_p3Nuv_gE9T7AjYA95SywP5PLwL81r6U-WYiBv1XpFb-t46K_Z6KSP9-f0j94ORe-Y2cavkxJ377Tarm-Mw4DP1kXlD8_f8S-8RywPzdcfD-WZsI947mXv0EUez8n8be-GsSMPIRCKT_lkww_No4svniA2TyoaPK-tHQXPxre9b4CjgO_3BWDvMBeLj9ZqCs_hHScvhLzxj8Wzi4_ZppmPyKf2b71z989HzgLv9RxEL1P4bE-2fffPhAEgj4jNG8_YTaTPsoGHL-8uRA_m1SJvpY_gT-b5Sc6n0T-vkYyhb3QNBy_0YTOvUOPur5Xxj4_M22EPuWJcD8LEvS9HJiTv82sP7-8qMO_ahedP192Zb-vjiK_JVfEvkS7Vr92Bre-p7FCPvNhCL84k2E_0X_CvmRO2b6mMa6-c1cFP-HiDj6x8pQ_EyP8vpkggT8RdzW-fBjov8v8cD2uDJU-TC_MPA7mFz_pPPU86Y4GP5sfor7CBlu_vSgJP_0XK78NbkI_XRuWvoz2rr4sapG_ZZiAvjJXRL4X_MQ-7VyUvpUZK77OMxA83ZvkPj9TDz06Nxi_-olzP7DttT2eGFu_iJcLPogJyz4ZY4E8AocqPr78bz96FgQ_sF1-v1GlVz82m-q-LCDDvmllyb0XkCw_DRgivWeyJ74b1i_ACZhAvxH6lz1m9_W9-fgUPx8jAz8UJ4s-FjSfvmcvgLzn1Zq_3LKZPalOmL_98a4_REy5POUQcb9JIl49qdyHviuSuz4dDzm-JPXlvv1pHr80t9A-6tHQPGKSCr_NE4u__GlTv-0nkD4BiZ49Q5hhP7RY2b6sTWG_dqUmPnYfZL54sz29y1npvw1v1T42ZjE9DSnKPUSbWb-d6CQ_6p5pP2XK6z2F9hM-L06GurgC5jvFiQc_UzfRPgZYur6WYIG_PzFGPoLVGD9kP3G_SBWmPjuhpb4Ch9Q-5dHIvhmScL64PTw9tuSbv2xP0Tzm9Yi_s6MHwN0lMj3weSI_qXGBPZHYdj-e1X0_1aTLP40qEj72UgM-KVCLvvRTUT_zSiE_PuhxvcRRhr-GB3W--q9uvqamIr8meEG--AJcP6d-7b5GXr6-ytUEP1R4wD-AGC49nXUyv7dodr8Gxxi_14svPrtuHr8Dh-g-rxYhPo9sQr6Odyq_UdJmvwEvNr6_P4K_EHQIP2E0sD4fitY-RA8tv5XrgT4SwBY-6BegPB0p3LxkL_G9kcH5vX5Ayb7UyDA-TAvJPo3sCr_Xrp-8MlAivxMTkr5H7z-_aalXP4kbAz_1_LY-i0VTPqoUAz86g56-C376PfIEy76R2V0_D6TaPGkIpj-BYdw--oW0vqIetj4sdV-_scSNPfMKir7uEXU_DAUYPplsR77QUFG_JfvDPn7NBb5DfWE_4Hk7PARVQ798HY6-b8ITvkwmGz9PGVi_XBOYP1ehhz50qC0-GYQPP7G0Gb7hTY482U2jv5H-Gz8GLWC_ADW6vQ4v3T9fEDY96SMqvrHWG73ORZ2-dpxqvgL2AD8nmQo_7Ll6vmg4AT6ZVI4_IeaNvkQ-jr7QYpK9uMvEP1hunT9hEv49KnO1P-gIOzqHtYa-0_E9PSULMb5DoFK_758EPz_yUj9fa8O-PFf3PtCQ2r620f2-gWM_vNDbJT_ZJLs_J3oPP95Wnj5iI6S-dY41P3EQtL5prBA_YCS2PXRdJr9TlRa-AhjrPgkgYj4T0Rg-MX0FvzErmD7vDok9jS-VvqKPBz_tdVC_aHrpvi3Vh74Boxm-IWOgvhtIKz-RmJk_vhnIvm2PyD7DzQ0_kZdIPyKSe75ZszU-6WXbvhZ657y-CIc_Q1NEv2G1Bb_LllC_gugdP4xWrT38FCm_dKU_P_k0Ij-T5za_9VUyPylbnL9wuW-_n5YJv0-XsL5nRQc_OnJ4PzvS6z2644e_TUddP5lEeb72uIo-OgnhvqV2W790F5y-eB2APiZfpz6yVq4_PiHnPSgqlL2-eXm_uue1Pzajgj8G3jO_bIYVvqxPgD_LNde9zQOLPhjnlj-lY9M-T-9Pv7jjsz4d750_uBOJPy8C_b4JqlE9vpdFv-FY4j2FNQ0_OKYWPzNrZD9EYHI_xsawvhlusb5Avn-_eXmWvvzTwz88KgM_mV2gv6xj6r64kwg_oQ4cPkchMz99frI-iXX1PX4pkj8lX0e_tgSAvtw0Z70DdoC-2HaqP3ViqD88Byq-CYM0v7PMFT8AKDO-XKBjvyKUfb1w3ja_BKq8PviCD0B4432_gCmNPtDy6D5CKQi_1YjTvoBFpL3phIO_ji4evoafHj35q8k_hLM_vtAb2b-iCtC-0z8vvzQBar7Ie0--9Gn8PugD376eqE0-hJy-vWxgYz8iCrM-42sxPmP9hL5XQi2_BW8SPlNcbr_wjzI-k624PRXPSb9hMda-RgIBP5qIQr91TKQ--cLzPiF5Zr_Z2s4_QLGUvxflV79kK4M-9TM4PiXhOb9G6aC-vk4Kv0apjD9pNRO_URs3P2nnEb5PIMq_QXl9PxmPdT4N_6a_D_2AvnZCD79CVqm-H94Ev93-Aj_-Kty_xxNaP4_cLj71abC-wC5bvjyqR78Qk6U9EmAWP83U4b5ZxXq_KtsHP11wlD6AuBw_NP6QvjOHCT_yjU8_y3trvo63hL6VoYM_hr34vi9FgD8Lbm49S0rjvq4FTD8hrKy-Ohn8voruAL-Zpkm-sFAhv3ojDL5MgvY8QhAqvraQkb8en0I--P_7viRrBL7X-Re-RfsAP4AgAT9kLh2_fk-yPoPiFz94fRi9p8V5P4_Brr-yVoG_RNwwPvFJgb8TnZm9Iv28PtXMcr6-0w6_BGVBv0SRKz1d_UW_C6DNvkZ4nD3veKq_jio1vkTGRL-7_VC_gaM5P-kXcb_qY4e_0igRPrRtlz0W-4S91aQbPw-TtD7tPOa-ovaiv5C3JL8M1Iy-3Zmyvi_IYj9VGlc_Oos3v9kf872vLhBAXfmWvosZgT_xP2C-8tE9v9k8uz3lPss_unTlvk5rDb3gVaw_MoZSvwQhDz_KnYO--H-avifXEL-OBZ--9AmTv64DgD84ZRu_qLFmP3GOQD_bsFi_4S93PmjpG7-nXUw_BltZv57vIz9JSmi_cWiWvvXIs782hzs_MwmDPp_ZRz94FaG-2Kc5PyFLBz9D24I-W8iNvjLqOD8aB7Y_HwuNPoR74D6SuA0_i9tovo9I7b4_Jq0_vvLlPzsgGT931iQ-6iF_PvDR_Lw-dV4_9bKpv4sa678BUwy_CJO4PiFIGr-S_VQ_P_h1u4BeXz67koy-k-9Ov9yGDr-RXDu_3MRLvum7gz86gPO-WEQ1PtXXMb8P5wi-28FPP1SJxz0PFqw_oxXLvtussD1fnOi765myvTh6P7_1D4S-ZB0lviQ3hb16-4Q-6V_3vjKljL9IaRm_7SJPviLJnT1Xmfu8julPv-scMj6e3mI_TRKAv_HxlD6JOx2-SveIPwBpmr4_zfQ-SN9uvUa2CT8Fn3e-jfMIvjhHQT71KFC-HPMEvX4_TL8lmCu-_EOjP8g2Gr8EdA9A2Gj3PiRlcT8JGtK9xEp-vvbGgj7qZpA9JZFUP7x1876rTza_vOolPjiDN78yqWI-uPQcv-5Otr5Cxuy9IX6MPbyJG78FSfA8q4_FvvabsT8BXKU9xD5tPtEE875VJ6u-7GERv_zKBr_bJBu_FhSDPs4Djb22JSw--oraPaPeNb9hRL870KpyP1Eh4D3-v0Y9yz30OlmXY743Vzw-APKbP2J7iT9DsD4_s0I6v7OECT-ttipAL9r-PvAA0T64gCK_joipPp3m9b3T_x8_NwUBvVlqx74wTCe_
数値は10進法で表します。,aS2YP0Wqrz8cskjAxdYtPtABCj_YYkS_MhETPxh8bT55iZi-7IGEv_lejL-humg-rfKDPnLVkj-jpyA_U96CvwrEAz8YxK2_HMPAv8hSrz33Yuq-LcIqPs0GBsDRfCS_wOynP-BG9r2l76M_ntYwP1xRk76VxTC_lJGDvknyuL5Y8Ru_TkvyvmV-g7_eSLm_iRP2PShgIz83vmA_vuTVvqnmPz9kpHu-4CpzPo-SiT9Lf5I_PLUlPwDncD--Giq_CyTtP6GpSb7aOAO96bmXv9rb5byUSKi_P0huP5npET8Dolq_OE2cvzx6Ij92s1K_agGhP-kIjz8vOSC_B9adP9Y6vD7HUoW9kgTlvw3txz8_Vm-_sJhHv-3uqj-LGuq-LbYyP_a2oD_YyCy-2jlQv81eLL6pbrY8375JuxnshL5OFbM-C2kWv_0koD91G5c-4Uo4P7MAar-XJxe9yd9SP3KdED_lvTk_LT2XPS-ORr9rUFY-JNKkP7OAMr9U9sM-vX4cvxLEXj8Ynfm9YqUzv8ke4D0ggFE-sI5KP38rWT8S7WY9OvOhvm8i9D5ZPco_1s0rPwsPZL-IipG-cX5dP1hRqr6uwyK_JypCP8Hknb6pMPk-atQFPwsEC7_feuW8we8-vyo5BL76HtY-yiw1P5oUYL11cYI_XG-gvn9Kmz5Jbxw_SMkSwGj8kD7R5-Q-pZEyPueb6j68a5a_ipnvP4NvwL9SHJ6-CyTyPofbzL0B5dI9lK_pPvRUmb7rFoe_e25Fvuq_Nb_Nv4g_mhuBvrL6Jz5LbDs_OMNPP9qo0jyUt9e9S_M0P-K4BT6MdKS_CL6pvmHiWz4ia_g-JhexP-7nzz-5V-c_Fh40vwkVrj9he1C_mODbv99tQD6hcqY_MgUoPwohdL7_rBvA6dTYPrwLzj1r7gk_kKlZPZTyNj3ESWO_FnzWvhDZDr8QA1q-Ze31PLoaFL-D9h8_eA4avLwyjr5vHvM-H39kP1xCoz3X8Ii_Y7MYv42Fo77SSNk-BWEOPj7pnL_3_T2_sUU4vksKMz9BbyU-BCAHP3O1Ej8XeEu_H8FcP8iGBL_b04a9nT9zvqujPD-bnaU-hN39PqoikL4WhAC97-JDPzgJNb8JK1I8F1iCvjee4D6WGNA-AE4MPquXEL8auGa-GhFrP_bJ1T3sMac-II56PysUOr8MZYE_unK-Pmpuhr84a7W-cngCvl2KLb6ntya-4nvDv_bPTr7uI5o_g_Mzv_ynVD8gcS4-ZZT5P_2FPT6uKu-9NRiWPx-MSz_DItc9gofSvpQMj78A3AM_xFKSPrgCub5J8am_PaCWP6mNl7673CY_oCcGPyP7NT_3_Qk-etlBv29Pwb5QRl-_ZiTjPlgjh777Zri-X0HxvnCZDz_btYu_rrBWv0Cj9D2pgl6_46nvvW1uxD4pCDi_85mVP5oPfD1xkfu9TIKDPaoIg77nbfw87ccdPjh5er_9XEQ-K7EKv2zIe79FOyi94AbrPXea7L_wVSs-8YwTP4AqCT1WsBg_VamLP8Duiz-0nYA-KW8tv8MCsL3r5bU_ff8uPZinmrwHpNM_IK3LvmMGDb7NHZm-wQq0P7sYC77ke00-ILeCvlyXLb_5_RG_IVzbP3jVPb6wmso_d4S7PvCsXb-eQ54-GcwkP42uJT8jxrG_oa4yP2mQHT8Kw1Q_FhFLP7yJsj4_T-M-NE2KvxYWt75Jlca_xlCeviWe3D9FdMK9VJYtP3xAtb5HQhq-RHG0v9Pi377ZSGw-Ey8xv13U7z7D_Bc_48mVvWy9DD-5MF-_NpiTPuD8MT9r7C28vxmPP3pqML-muvk-NREDPuedTL9ryxq_32fqvm3MnT-h1am-rBMzP5fNfL9X25K_4soIP6E8pz1wOHs7nQWSPzeHTj8rOie-1feMP63llz3K6gQ_vX1hvV5SB78YaRc_eyaSPlhST74X0Ls-elQuP1X4BL8U6fS-wASFv10ciT6PjRC-txCTP9apvr6m5YC_47znvkdoVj_xvn8-dMfbvuVeCr8pjmA-B5YGPzSgMb8lY64_7Lkcv1iMAT98nZo9hMKYPnOoA8ASZFy_p-Movy3dAT--XxzA8HLJP636Qz_ORyY-81QXPjsqob72eyu_I-8aPwubvL7QQ-w-mfkRP2HT0L1_3ZG_Oxo6QJuhDb_lhhA_1bq6Pswygr9MMBy_FMQWPy7drj-VyR8_EEmIPx4ZB76PmSG_fwUHP_9Yyj9p2JG_MgPRvbWIRj4iVBs_AFP7vVsMgT7RDEI-FCKgvvO-1D6KKaA_wiSoviNB0r989V-_y6FaP9IuY77QxEw-PU3-Pj9Mcz-SWh-8_ykBP9ZLLb_NIre-mJfsPkOpNT0lcuU9FlgMwNb-Pb1fGfc9OZn5vtBPgD7_6oY-8H62P6spwj7FWc6-KWBRPtz5Vr1HlRM-Z3WDP-KcBT_hsfo-toOpvWOZYD8qDDO-XTAbv6rpo77CHRa_nq6Fvj7dC0BtwY2_qWPuvmECrT4yeCi_hRwkP4LaoT4aaJa_5e4mvymNyr5VaYc_DFRFv7aJ4L6X5hW_kkiVvyqU8T5n-rm-2BGKPxYkEj6BFu8_5BIvvScGyD-x1oU_Oc2BvyjXrT5-f1A_7SKNvxjcnL-dawS_4xAaPyJnbj7MiNm-8c2ivmNtYD8S0wg-VpnWPk0dP795u3c95bEKv9_R_b4OiV49rr2Vvy35nb4HwaM_73bcvgjn2z_ngIe_GHOAPsPmAz8w71u_73uIP5w9Mj4CFnu_7H1MvgOz_L6lRC-_ZReav7bowj7wc6i_vUP8PYaXNT-e14095d2avvQHm756VWa_nfOvPvy7zL7OemG9mGBRvjPQCD6jX5I_qjRfPgOqij8hKs4-HnMYPjivKL80bpw_8-kGv1RnJj7BpMq-VIZCv4dtgT_jdQ0_oAl0vU9wE79emCk_YEx-v03qCr9pIOu-S3qKu9IiTb_4nVq_vHWnO2cQoL7YC66_b9oEPxbglr9MCcO-Qb4svnwftj5rqDW_SLfjvign6b5WeT-_KlI0vt6Mir-KIwK-tMq5PkMvv75Bmpm_YYyyPubrIb-Tfbk-sGdtv84IBz8gE6o9Wu_oPIatj75qDlC_xZtAPwSdCL9yk7O_sQBBP_LZ2j7p8tE-Qx2DP3iDUbt3oO29pywAv1bZjj7Qgt-9ic8FP1EbvD8phRU-Vn71PVVP976QhNo_3VKAvl4cZz9_y8-9F1rMPrD-cj_047s9R2-gPlmlqz5uktc-iY4PvxGm0T9cnF2_zVmQv4m6ib890vg-xWT0PgZvrT9BJLo9lLUwvhI_iL6jgNy-FgKSvrF64b6W1WQ_FvdOvzfI3D7WdMG_9DY4v3XM-r_y1n0_jXWPP3qXGj5wnTu_tC57PzznyT7ix1K_RpyZPWWKTD803pI_ZtSgPmjwDT7Qfbc_lKGTP7PE776fJ5c_y0udP3LVBT-YFp4_SkcIvz7nsr78z6O9xaS9v3sLlr-6zeG9dKdUP2iLYb4l2ls-Z6wjvxxGob5sSqk-tMawv-0Qpr-FMbO_-iUBv7IJgT-Sy8k-06GpvpH8zr6-JoQ9WbxFP6XDfr6fIcI8q_5Tv4QvT7_pBqg-A_HXvSQzh76Y2DC_BayQvZqoV74XJLM_ZICgvO3iRz4fCT2_C4AEv5LTIr-SQO6_UEwDv1rmRD7g9kM_IjVHv66R9r790X6_0hDRPoh_p7-nVGY_AgsIv_ZSBz8HOp--FdiEv5BphL5hb5w89fyOPj8i0b2suoU_eFY5PzXTUL4B3MM_3OKDPz-Ivj5P-4q-SVs6vafPfz5SADG_tM2rPnqFQ79vlIm_UIbCv9IgOr96Uog9lq4NP5NcBr-Yik0_rRwNvnjAwD1wqbS_UDWNvjLRZj_s9oA-HIrHPTQLZb8ftmu_MIGyv6cutL6U_x-_ECzwPsnntT6XQL--eK-UPxOAJL8NCIi_NglRP_B19z5unIW-RbZpvradLL8Gcla_u741PxxAjD8Tkgo_9luEPi9-Ij42o7k_e_FyvVehiT1WMem-UupWPrSuzz01jmA_oZspv6fbA7-EQwK_
"文字列は、文字の並びを「""」でくくって表します。",vhwhP45IQj-IBhrAXaalvqAu8b6bWKC9h2K-vr67VL4w2UO_gNdgv5j7zL9sYfE-SPSQvixipT9o7Sk_wMqPvzAxTz6mATG_blMRwJ91qD8a62K_85tTP-8epr-CwhG_6uELQNpTyr7GwhO_4zuGP6hQHr8WsTC_FDnKvrAzmL_P976_EsVsv3tQv77sU9e_lnG-vi1olT8zpIi9-lHRPr3Ohr1C6TW_e4t7vz6SwD7HvdM_Gl7DPpDQfj4zUoO_GOsaQDKFzr_TnLm-3dCKv9U6KD_Cb1y_IrCeP6pIdL1C9gC-kPkVv8u2Vj8YY1u_ZjUoP6jqiT9eI3a_uguGP4eq8D7YkFK_6B6mvzBfnj9-OGE9BSwOvlt2cD--m4c_sL2avt6zRz_jgaE-AMm3vQCmpb-SMEI99JyMPgJqGr97jKk7wrX0vovQgz-UjgA_e9_MP27HwL0GcP0-4nQwPp61lT6XRtQ-f7kavsKAnD6rqs0-vtm4vtpIqL1DGuk-aPd_v7Pq8D2bPG6_fvu9vqL9W78XBfM8Nqq4P5hubz9S53U_580Svkp5vb7zDkY_JUyZvwPcN79mFWO_wGHlP5tYgb9rnMU-oqTVvQDsKr-fsAo_LnysPZjJ8L6Emxc_ILFvvr9_Z74KQ7W-9fgcPytxbz8vAj4_5c-pvzAerD7Qu7w_W0jnvygQFD8y4qU-u3BxP2hrbL_wdn6-vr7nPvO35L5CwDe_7repvc9CAr9PLIo-XlxovxfXFz-eh6O_3q9Jvna9Kr8nSiU_DwsRP-4I3D2g0aa8vEW9vv4F671WD-u8xoMsP7FHBT8IHoe_ZvrNPitO_77I3TK-TGlxP285kz_qCIA_-MW9PpY8nj-8aIc-CIsav4O23b7U7N4_hCsrP-5MQ753vwnAMJdfvrx6iL8qi5E_C-eAP17Jdb9uye68NKOhv1lRkL_b8qS9q4_ovnsrzL322HI_Bk_zvnQzTb8ExSO_G8HXvUCC5D5Hq1i_9vUUPq7dhb8bwss9o16uviQxm71mSja_2snevnQbpj-z0io_GxftPuPKLb_L0fy9G9dsPqCSAMDhjAO_pxk1v-Zixz6k2mu-92XdPjirGr-eYCc_mkODP8ZMBr2Qi4W-eEzdPT5Ufz7odqA_iAu_PWR6xTzy2Dy_FvbPPXDwX7-uCYw-98qaPuMJrL3n2hA_4hXdveAz9LyWXfe9ruuFvc935L5D76Q-Hq_Rv16PyT7acSQ_VA7hvVNDtj-2ihw_onTpP5g0UT4aNho_ohPKPhJSgj1Y3PY-E8JUv4sdmL-U7C8_IFUtP44goT1IDP-9uFkIP7T9Nz8nutc-bP2QPmQuUz7Qg7E-NBy4vmssfb7a2oy_YoEsP4CcJb_yHqI-fniVv7PbUT5PuKe_ekQPv6j-LL4gJ0S9wyWgvXh1UD-UUF4-8KaePDsNLT_WKN2-mL4WP691Eb9PnM2-trWJvts7Wr9w4ME-Vm04P9oXyL_szB4_-6X9PRTBAr_7WVu_phnYPpSb6r5nV6g_dN-cP_CVmD8k6Ck_Ar3mPjj2rD6mAJY__h9VP2w6Zz8I1g9Arhn5vka1-r6I5p8-diXvPsDOZb9s34o87jz5vXjSNr_q4Sy_HvB5P9KshT9gFOA_2LfmviiLo7-gv7g-_0yjP6uScT1IMI2_noLTP80MFT-Arqk_uh6cPgrchj5DkZg-i9tdvxdazj7T1ue_OE7tvj-zhD_ay7A-JPuyP3OllD6zxeQ-bP2pvRz_C79ogTs_CyU2vx6KOj96Szk_FvOEvwxkVT9trAG_ey4FPwL_jj9vNs69z7RXP2PbVb5LX6--CUMjP2QL-L6KpU2-9FloPgmEhj8g-Nu8NaKPPpaSdb7Twpi-eL4avuDcsL2tFxk_2B-6Phizsz_ckSC_EmhvP0bWv76H-CU_OLG3PEeWK78Lhuy9qRmMPp_S8T65zI49ICCfPRSNVD6bOS6_-6hHPrnajz-8y-U-lkxOPvBI6j02IBe_x-89vpRYDj-X3tM_HLqMPatDUDumg30_C-nbPptXsr9rMNc85uDIvuKkiL1WG809Sgk1v5CAMr-H7Mq_dhkrP35sBr5UFO2_nvIQP_rEsj-3j8k-JJntvSpFhL7nm7i-g774Ptt2fL1O0dy-x06xPwCq1j1f8ZW_3LUKQOAR777mO_w-N_AnviNoH79K-pS-BQCAPf5KiT_HVH0-2EkTv6QStD5epYS-vNQQPxDjij_f-Sm_lovEvmjbkz5sxqk-p9hZPzjryT9aBbQ-JsHPv_c9I76DMjI_fZKkvnZpVbxvHGg-mm4gP04ecD6Qn1c-kCzoPadSgD-b_3S9oJGlPRyxub2KyWW_vr6HP2z1Qz_IMrc-NgGZv0D17r_qwG--Q7klveySjj5hdBM-4EW4PlMPPz-eBzu_8Dy-v7gVtL3YYiG-bNmAP_N1OD-qnks9SlGGvzgPqD4G3IQ-2BdTv4p2-z4T5-e-VnkWOttghj8mSIs-4EP6viZE7T75CBM-cyCCPk7EiT9rJa6_6MIuvrJoC78E7bM_645nv6ZbGr_61TO-8lfRv_CDNz8rHwy_UdyRPy9ZNz07nwI_QuHiPo7Ptj__HVQ-MN68vwBVvDp5VZo9DkLBvg442L8wcgm8EnyXP535Bz9ShJQ9sFchv4di6D6nQIy-GFz6PlCCM7_aY6C9qDgSvw3BJr_CLek-XNOXPmfm5L6LYEY-XyKjPtpJgz_EN-K_zrniPrRB-T02fDu_B7ZHP8rmjT5aYjS_5s1Zvoswpb4mUf2_PJ1sPyRWAD-cPL2_QiI6P1xKAT9Whsk9ZGAKv2yDDL6r-w-9NKCoPl85Xb9Urkw-c8E3P3ZjSb6qIrQ_O-R2v1omTD-QPb8-ALQCPkgKyT6gHOE_NtGJPgUNqL0curu-I76Zv2Ac1j8Ouie_zGs9vzu4K79I3ss_FhREv7j4Lz9kLCc_yNmUPH6yrr-N5SW_V1xQvxK9DT_U6G-_rkqtP7Q4er9ujdA-7iMsv4TNGD-nCgC_eecePoR-cL9-Z7u_svYLv4aoMb8ggLO-GJoDP-T5CD63c8K_MmWFvvr34j7eIby_6ER6v-whNz7Tz7i-jlzYPqgAfr78eBq_bAHdPtfyI79Pz-S_pdyJP8u-Tz5cJhA9juKjPg6Yjj5-O1m9swEZvwwjFT867y--0y2vPsgKkj88c50-CnvfvR51GT_LJgRAI4jKvZRTiz_emGm-BrJhvn5eYj5ben892nR3v_j79T54NZQ_quKov5Zjl77iPQe_Ew91v5FSpL66DMU-_QMIv0cGvj87L9K-kwC_PjixDD-feJ2_bv1CPgwrY784PGk-S26ivi0Lkr_2wtq_BcKIvlhsrL9-EJM-yHjIPti-Ej4bS_U9KBrlP6AVEz-7TP2-bgSVPc6qDD8crM0_y44QvR7Su75E3gQ_1te0Pv9PYL9oBRc_gyXzP2-xvT-nreY-KKYhP68X7D3A5Sy_Hq7zv2TT7798CYS-y2zDPg4nRz6sn5k_x2svv1penb-WiPK9b8Ejv6Cv0b7XdAy_7ngzPh_XYz8kEYo8K2J0P7zRAr__ZAi_OiJbPyhCM7_yf2Y_hsrjPCf_yr7vepq-s02tPNEigj4Q-uS-qMNJPxhCQb_KdCo_v0ckPzvTOLzeEYa-iEwSvV5duT2E9G-_vgVmvlQ9677AxYM-1lh7vwB-nb4wcY-_nIjbPmsOOL9yJyM-H0pfv14bAj8gJgW_VswevxrskT7e3MI-I980vrvVTb6WRMo-Ih0SP0DlJT0UMvg_Lp9iPwG-lb4__is_8x9SvkX1p758JJK-t1OeP3BQtr08s5K_giAKwDD6775-Oom-QBE6vaxQdb8Q0nE_mRgMP0PDfj-M4_29upk9Ppwycz8X2S8-KoEjPjUDHb94pD29NakSv_844L02s3e_9quRvfa3-z6ep8m9nLfbPgZ3wrwNypS9JrMav5NPrL68VRy_-lcLv3f3qb5elNO-1PBdP_I95j2ws6Y93tdmv5aJHj8UX2Y_m65jvealyj0yHxm_jnjOvjuqwD6_lMg-37nAvtYpjr9cfbC_
配列の要素は、0から始まる要素の番号を添字で指定します。,sZCTP_y_VD8UIy3AYkdfP5c8t76V16u-BY0mv75eJr--sla_rhAZv4-ln78zIjc-PJ6gv4-ajz8n2oM-bn8Gv1gERz_EAJS-akT_v5WnET7NfEq-gFrHPnq7Wb8eBz6_JZS9Pu45fL5IRrI-HqBhPyi0rj2pcR6_-otVvf7Bmb9xjSG_ScCYv7UAUD0nljy_VpPWPmVmfz98cIM-FurGvv1yIT4SijC_Co0Xvz-fAD-WS8I_wzOqPmiVSL6LGxK_qjbzP016l7759BC_L6d4v8GmwT7PQxjAn3fKPhz6jj0CFy-_9VJTvk_aEz-vHGi_DhSJP86PWL2ZsG2_kpLCP2hdDz9eVkK-sfymv-4FeD8D8zA_xN2qPh2inj9Jk2E_xzGpPj5uVz_geJm-L5YMv2Vfnr_Hwaa-dTQ1veQYXr9FpcI_GMa9PW4N8j-NmHA_H9XkP6wXs75Sn1q-Y6buPupsBz9Vzks_6pjevjyjXT7fWzY_9Tb8vG2seL8_P4s_8pkqvwEilD9dAv2-QooTPkInC7_qnhS8FMgtP8iQZD8OJ6Y-BIuzPSxLlb4_XnU-vsBJv9T97r4PNSG_gUqPP7cpl79CdJu-od8tPyJCFD4o7KY-DadRvjiDer4fWxA_rzsrPpZ4eTzRJwO_BPRsP-0LmT-foWs_s9xUvxPFOj8Ljk8_5cH3v1Yz8LyqjhO_pQMpP2tjDL9N11i_xVcPPo0KCbwNnHS_Ci6JvhoqmD4FpQM_U2qiPnaEkT_NTVm_SwWPPrDI7r51uFo_N7Vyv9kevr7gQiy-CmAbPqToA79lbvw9EuM-P3GWsz_-4ia-5Rg7PQ3kpL3fkyI_rsyrPlL3mD-UPE8_V_kWv28SVT5jhD4_HOhuv0pupD2wMXw_1tiEPhMcOL1J3iLA-T82v-X7wbwZznY_FIg1vvMOSD_pqK68ftucv9NnAr9TLwW-Nyzvvd6gCb-3_jc_4AaIvkCZCr-vXgu_4zSoPqnvtz284M-_SbSHPpUkzj7sPQw_SZ67vuLghT7room_gHGLvxlmMz-j7p4_0tJ7P0dtnrxaun294zArvzlgNj5EPTE-7QuJv0xcQj74w22-B91EP1OGKb_Hdg49fPmPvhSsir501U--FNdAPghdFz9pang-WYTaPkVnyr6ES7S-Hoh6Po0nFb_HZ_C83BzDPrNtFj2L8Tg_XRvSPi7dab6oIau6867pPmUbhr4NNSU_5ehZvySeZD6HxEM_j6p0vtxiLT_sGTM_fATeP-EH4Dy8P8w_tRpgP_CfZj4Vmaw-Y4NPvypfob9xBiI_IX-WP3aFKr7fawK-ZAaPPgSsoL4oYC294-ocP_Y8Nj_N18c-ON0BvffVkr_DX-q_s6piPyoWVL89FT0_Z1YQv-ANS76r3oe_tQeWv7fb-b53igi_6vXDvsQAeT8LsoI9KYYvPsyqfD8OFQg_tOeRP0KRhT5nCoG__iaCvnx8nb9fvJk-x4oYvjU_3r7zI_y8Sw_Hvs1Iqb8A4YI9Hnt-PiUSjL55VyE_dGeDP-Dcoj8DISq__bEGvgkLJT7WsU4_h5tgPmrOKz-Ni5w_XIqgvzi47z5ZtII-4aHmP-735b5sK2i-gIfHvijL576v7iu_ZDeqP6qKUj9uXcI_uZgAP3J8p7_39q271zQ8P8-Qsz45dxi_wzUxPzEWUT--dM8-mUsCPkhgwD6QIgY_fxf9vq782b6AfMW_p-uOPpykvT_IizW-aD2NP7EFTDyY1is_klqWv0cHOL_ZnKE_mvlSPjdeLb63Rv8-t5Y8v6LYsD7T3a--RNoBP3_CwT8W_969txZ5Pmiea78RHaO-3aswP4uVcT5EqCe_GKVlPogVtD-Whq--Ms9LPv3RC7_88KS-fILAviwAiD7SBks-bLGpPwjbsz-5Xjq_L9T5PmKL-L5lFgA_awR5vtX3Sr7NZzW-J8U6vthsC78UH5E_I1w_PnwqHz5NEic_uLb-Pbx-Mj8ATS0-l6FcPiiSgD0p2Ta__Nwav-Pc4z4qqE0_gywlP66ltj4k-3Q_wwzrPlgBNL-tpNU_VHPZvpS1V7_W9m2-9gl0vphXLL_XMNK_fA1MP2hurzzvegLArOz4PjyAZj9Ioou-coW6PhoJLL-psSS-GTduvjDm_r4pkY6-xBOOPpW3VL9zy3G_b_QiQGe_Bb_3Tpw-Y7cuP1T47r8VDGm-SB8hP5o3hj-gqpE_1IpVP59OND95-4a9XfGkPl7_rz8-do-_p2UAv6yz2L1FjDo__eWCPue7Hz1_ldI_lvWZv661aD7uVws_AgBUPiCsTD4Wh5A-oITwPc1SmT_izbW-vTw4vkexfD4mbgq_3tuEvrx7kL-dyw6_48fIvmflND9D8Ao_EmDrv9nqG7-6M6E9AwEgPWqGCb5NhdI-kkffPoCRGj_EHiC_SRZevyAKxL5vArO_zqK0P-nswT9j4A2_mjsiv2zCET8sht6-vWeIv0wKmD4SKee-hL9APhrl2z_XTi8-zWsNv4si1b5jcws_1QZEP1_1tj7RIBC_WMKyvtc92D5su5s_sjMnvywPcb6kKlq_ZOjsv845HL6LAWM-CAOoPwiAaz78hvY-OUd8PgtWvT4SPZ-8IruBvzkqNT0ldHu-t-k6v8XZ678-bv0-lvOxP37hnzzso8s-V8tfvzzwhD4MXt4-c1ILP52xnr-hS7M9KS2bv4u2ab6yeSM_p_vSvaAFir5zu_w-3BfJPWM1FT9EL9-_Xvs4vsipFj7S37u_SA-GPkeo0D5kYgG_SzMgvqpxKL4W5fq_oXqfvlcpYD_NjLa-s_80vmEMzLyuwkw-3Jwdv-z0_D5zu3C_o0gGv-rLcr_MfnE-FM6LPx_rgr5LIfg-5biFv5h9C70JsVg_5aJdO1bZ3r13IqI_cjoIv5QpV771XK6-0tjevpNIeD8a1mC-iTxRv1gKCL9JcD0_zTcfvxLOjr6jT-m8jHrSPl4WGr8-qbU-tjiZvgWbh74bnww_Uz1RP8QJCb8yLIy-yd8ivn8R1D-NBrk9At-Nv5prm799FMK-ofuePdru4r8zeAs_h_dXPtPkIT58Ypm_Kr9RP_kGfT8YZLm_fjwIwI-QnD8ChVK_qfkpPz9pBb9FbUO_AMkTP2TQXL_KJqa_Yx6tP7Sc67wW0Qi_Rz5evQ1BLD-A4mg_XIA7v5JIX74pvVe_SxJsPvr1Zz8Xgru9i8UfPwmIkb55KXQ_VzDJPnBRYT4OSUy-qD2sPse6wj4jH7M-RaCbvI0tZz6ohxs_iemhvylnIT-KoXi_JAucv5rXSr-C6sK-_voyvpTRsT9fbBQ_TUoOPmkdgj1ZHFS-rTmYvfmptL4Y_ou-t0sOvyzLZ73wj9i_wTkmvk5Sir-FnpU-jXnMP92HOT_Wcfi-sFZaP2qrUD-AVQq_bHxWPRPxFj_6otQ-t06qPuF8G71l_hq9aha4PmGTTrxUGTg_T6bXP27BkD_ul4Q_sl00P06AWD8Jn-S6eMKiv17lgL-a9pS_zOhMvTO59z2LkE0_2XmLv_Xta7845Z29tQkYPxYCKr8ovzC_g6-DvjUPpT-SSJi-6P9xvbx6J76_wjS-WGN8Pwl8M73xmtI8tjiSPVITZ75hAdI9od-bvvL2-L4-sYi7WGjiPlZHRj9L22Q_Pt7TPtRNVT7Yqai_l0Bsv9pfMT5OF5C-rMKHv39elr_xIwU_K0yxv_LMW75PvlK_Lss9vtoVj78yTZU9X6ervpOshD8e9r4-JdnKPaHPv718o_q9b79EvrUtnT7LH34-1eAGP-yomr8aGRZAEu9lvQ_-1T5e6kw-P5cTPnzcgLsECsm-wmmJP5bbIL-JUoq_i6n-v6CYYj4ATEy-TXZCvgdQq7_qnyA_RAOpPQuIIj8LTku_HRO8vnxdjD_uFOA_sxlfPsJQE78qRgi9OVrGPpJzkr_ajom_6cPQvnXxNz_UUoC7H2VoP6j6YT1jaV29-D7iPjyhAb7rn0K_UCtrvrOAhr3XBK29bbAcP-JE3z65Ewo_c1_Rvv6SHb-lpWk9kNxjvsKTWj9Zp-i-9DJmvTWi6L2kHm4_nmzcvWgumL9HNKW_
"文字列に0から始まる要素番号を添字で指定すると、先頭が0とした文字を文字列として返します。もし、添字が文字列の範囲外の場合、空文字列「""""」を返します。",wl4TPwb5jD_PSyrA16APPkDT4L7GIg--i3eIPkNbwj7jOK6_KEOyv4Lfir9OBi8-_8ZDv1kd3D9V-Z8-vWpkvzDxmT4N_G29ypHov9QOTj-TPS2_qe2HPjDOVb_KbiS_jQMQP08d0r54IYg-eXktPxmLfr-N14i_KPSIPmYzgL_FGyC_Y_Wkv1HErL6EKZS_QXhIvJqgkj9wwnO-MlWhPooMXz57P8W_aDLnvtc0kT7PE7o_pGhQP3qGUz6DctK-QjvrP9c6iL9OZZg-LYUPv2eTiD1fYcK_5gqGP2RtEj-hsmq_6KNsv5RsoT5-CLK-KBiNP3a0Vj9MN6O_O_rMP36lRz_IHJy9yRfFvyhvpD9piMI-uGhtvjpmhT_URj8_kT8gvQJSqj_aezC_ymjYPsxdP794NU49dZDbPubfr75SRRo-_23QvnpjjD-sqoY_KecAQHqdGr-_m7a8Gs3xvVyGZT7X200_05ucPd6wAz9oK54-vevxPlAzqz4jMjM_wsVfPp69dz-Xkky_Rxxzv2U6gr89X9q-NwGoP6k6sz_L6D4-dWf3PnbMSr8hzQ0_CIqbv1E9I79f5_O-vFm3PxU9n79NN0C-9v7hPlY8Wr6MOwg_9RSWPU02Dr-xF5U_XLNUPsnkhj5hNO--GvcCP9z72j4NlaU-X9pkv5FwGD8XTJg9Me6_vx_HJD4GiRQ9axLOPq5btD3pov--vzrZPmOOQL-ocRu-sYXzvdhCmz5xSXs-vyFWv9gYJz9FxW2_fd3BvEKbQr9Cf_o-7WwxPQxsLryHC-K-yCaQvetmmb4VbgM9BbwrP43FYj9bOjS_Qx-LPilZpb5oxCI_nCRKPzhFdT_3Aqg_VEo8vv3tVD_IAmM-DfzfvdpkyLtXrTo_sT1EP_rnDj5m2C_AOYSTvbbNc77RP2Y_RWnkPjx2zD4Z2mw-wNOcv60jLL-t4kK_DbOcvvZ1w75ccz4_zdIIv0yI9766BKG9H38Hv16KYz6Rf3O_xfCivfN9JL-mDHO-9tw5vpbKJb6S_je_yKkgv1lxij86zGU_g7myPkQwkr092Be-FBKEPsShlb_zuZY8yghZv35tNz4M1T09qJJLPwB_jb_pjog-F8XlPSzdqr0kxEC--hj2PllvWT9VkZ8_cx5XvpRfWb1j2lu_Hx-LPdn5gj13Ba098vjEPtxHEr2M8A4_t0Wkvj5MLL7tuns-Z7-NPxfEQL-V3Qy-cFLBv_FYC76p-IE_yiPxvnoPCD8RT48-3l_RP-pdAL-cj_c918ofP6MOxT6g9s0-sq-pv48vJ7_pEiY_5ncfvSTa1L5RrJE9iDeQP_iNMj8U5O09f2xmP5Qzfz-ZZxs_qWWAvfN_XL8u2m-_fVnfPqxnIr_mPWU_3qCGv_Efhj2ObEm_wus9v-cmir4aIxK_-o3KPtgRQj8av5c7zIv8urUyKD83gU49-K7oPvj71b69Ogu_wDrLPuxE3b5D-6o-nn7AuntnUr8DBfe8O1XrvdFbYr_DN2K_bc_DPlRkvL73Vo0_I5e0Pz_F0j62UAQ_8efcPalMXj_ljRI_H0s7PiJYSD9HF-M_0lFmv7-rRz6WNbw-aFdMPma_7b4PaH4_P4lGPtYKcb8nf0-_J7fEPhmbrD6VqZI_hD6CPkjU6L-9akE-ULiUP5ateT5DVja_3gCYP0fvEz9FD-s-BE3KPvwQED1zR-8-HoJOv0GxzT5x97e__dL1vdwH3T8cud0--55vP7N6tT5M2GM_YgoZvzUFAb9xxWs_e7VjPZrWtD0CCSY_H7cqvwPHAD9aNw-_EWiZPpp4dj8cPHk-1QhAP3WO0D0tQaK-n9DZPoic0b6RECs8UQIRPNWvmD8DvwE_vTheP4kSyr7rsAW_P_NEvpQ3WzzcrwA_0yGUPr_rQT_9yNO-1DBNPzNlsb4jwo4-Dc_QPoznTb9SFm-9nEq_PBF-1j09rzo_VtsDPwiIWr5NRF--zheIvnF3vj8Srhi-dcX3vYwkfb6844C_EAiTPjBHIz9rh6Y__027PqzhLb_FPlo_SGtTP2R3U7_YvB8_Eusuv3YiQL0oIfU-dtuAv-uhGL9pNeG_nqskP4O0KLswcd6_VOrvPrCAoD_I55o-_xYrP_XwDb8XDfm-aKn6PoCkHr4N_sG-jSc2P-q3IL91cmm_1CcLQJ67dr6qokA__s6VPpJGTr_MAAO_Lg5rPzj3Nj84M5w_ddmzPdY84z5a1HK9hw8Hvvn4nD-DnK2-5my3vqUxJT-MMnc--I4DPkP9Yz82yGE_dSI6v9GbqjzsPDg_nFdmvoiEEb-7YQw-9nD5PnKJiT-aMv6-g0WVPhwAlj8oUIU91ndSu9eJ1r4z03e_GsaIvsPrMj_EIc8-RXuIvxJZgb92KEY9bVtlPyu_Tb7LKZK9wCUCvhQP8j6Iio6_hDTKv8Mu-754QnI-ODtXPikA2j72Lcc9wjA7v-I2rz7UKcQ9bzkzv1TuRT6acIy-TAOHvZS6jD_ClpQ9x_jxvhw8OL1mNNS-XqiyPk35Uj9C3py_h2C7vgL5175Rmo8_lSnMvlRaIL9P0ja_DJ6uv7Fo3D43sg2_VI8mP40bzz19408_3qGVvcazGT-Ynsw-A5WFvx5-6j5p82m-rO85vkVh-7_9HpO--iunP74fOD_wTFc_yEXLvoDWEj8sBsA8brXkPQlJEb8Ake--_i0cv7qPJ7_4IgM-Uqk9vrXafryjEPO-jFvQPiiPSj_5Tsu_SlHzPVi_o77PDqK_0g2mPr_Hvbx15Vi_Na0zPWGm2766gfG_EoihPrpuEz9ksH2_-wFsPt847z5n9YO-cyFwvaDzFz84l7S8xuiSPVTwkb-d5EI-AB1HP2YREj3X_4Q_9kFQv0058T6RdEa-A8ssPiR0Ab-6J4c_ZOozvkfRLT9orSG_8-qXv7EXeT_HH26_X5XmviQ9Hr8snZE_1NwTv4OTbL7azKM-tRTpvh4Tkr8z7ha-2ivqvhaFej6FLFO-fr4gP4oNEL-mjOK-q5HZvpoUcz_hYe6-WvEnv4PXJ7-oBbS_o4lCvkd7Jr_cIOO9aAA3PwW8E79o0Lm_H_2yPWi6XT5IyLS_KE2ev0_dirtSzXO_dPHDPmFb977IQXu_EweLvg2MpL5Icp-_ul0RPxrdgD_H2QG-g65KPcL3ZL5xJ54-v7_HvgW8rz5K-Y8-KBC2vmBQqz8HZbM-d7ufPQoIBD9M-7s_JdASvxGCPj-6KBW9mYoJv97gGz_C2Ka9ukhovzvq8D2wnpg_Lm7MvwPj3z4130W_47xVv0VrB79WKMY-A7wyvvIegj_upOi9sbbGuwr5GD_uJVO_Y_OyPnH2FL-L8EM-OtPpvuakQT5qU8a_l-FGvwoPiL_K5R8-TQgUP3s2fD8_AnU-VGZbP9GaQL5Fktm-qLOzPR6B8D5YIJU_q75XPDUHCb9eBtQ-FFvpPZcIdr_s4LE-wbvJP-b9kD_9nQE_cOKGPhC0Iz_U_uC932Sfvx6Swr9amqq_ygOKPzXKgb6SM-U-H8wuv6Y3pL-_LNk7mhwmv26qrb6RC32_72DOvmqzoz8M0Ck95vxbPZ6uHr-IFgy_3keOP8hdmr5haUc_lAR2PnYmS74CoXA-oiutvjDImL1D4K2-kxUqP1NxUD4q4IQ_yADfPip4DL2a01C_jAsLvdrKtz67Cty-NgIAPJDLu75TFCU__qq0vyN7Dz7MC3O_AOMTvYN4YL9CtZM-VIJpv4DNIj_oN7o-Kd3nvh5aw70UbKW9rXjjvTXejL7ULtk-GrZsP2DRI7_2ssg_6k4-PjuvEj9CIVc_K4aCPuM-QzxxbLM-uPmgP5Ks_b68OIO_dqHkvyglIL7yN78-elt4PnZpiL8oILw-f7pYPoCd9j2VORm_3m_7vDZExT9aLY8-MYfPPs8OCr-DTt6-iGBDv7-cbL7hRzS_0UZBPhZoST4Plxu-0hkYvXXADL_jYdI-v8dvPAaTiL4fVhm_pg3RPmylBb5Auwa_UzgfP2MVZT_aj2k_di-9v4ClkT5jML4-B113PlJ0RT_w4Vg96ft8Pt9ue71t7Do_ZhfIPgMiSb8GejC_
オブジェクトの要素は、「.」の後に要素名で指定します。,6jSEP76znz5vWzTANWtQviMmEb-jkOI-70JIv5wndb4NsZS_qCfYPUOgGcAYjEM_d8jqvmwafT8VgYg_w-u_vwdujj8DAXm9uhIowFRvKj6gP8m-gEUyP762S7-sjnG-heamP-jKJz5ZMk4_tfcqP2QSZD-tFwC_pSSbP8hmjL_7yxa_ABeivvZLbb5IAVK_MRIBPoWVTD-JRLw_yeqhvlqfqT9NLA880ceJvgN8Rj2tHtM_wFKFPlI_jb0h_m--9xnPPzpoX7_9tmG-rZRYvgpR7D4WH4W_HSKEPqN6SL3lq6I-p_9lvlrVET9Fz8G_F1CTPrEuFT9HrBy-D9vjP6p5OT-a0om_KV24v5M7qT9yU8g-iW6vvvrOOD9Va4M_As4Hv30mjT-8imI8oPEIv-f4tr7NR_e9j5zzvqgIf768lkU_CaIUv7l7CkDT9RE_TyVcP_S9uT65sEk-0spvP-lBFr7ID4E-UrCHvygGVr7VIQc_45EbPhI53r0Vg5s_kiNWv_32tz98eGC_PVLCvk5GML8Zj8a-Q7yTP9Nxmj2vBCA_SPEAP7Lvtz5oemA-5eenvlfwEL9YBo-_FkGLP78N5r7ygQE_KoK6vRWLjL5JOLU-Xxa-vo0yYD75h0u9zMZ-v_kzKT0_rRe92SthP1igbz96tuA_yxmYv_-gOz_vCTs_49_nvwjhMb4PloM96IcmPbEihr6tKf29rWntPbxAwL9fj4O_3d87vtXwiL4TQUw_6u0tv3mDPz_4Qvq_499cvgW_Aj7gJpk_3qBdvz3TJL5lnje-Wbn8Pj71ML2dpJy99Sq4PqKkHj-02A6_jPGNva2ysD5S0Ro_DkShPkHQ-j51gAk_Gx8Bv8LFeT4YddQ-nYOdvw_8Lj_eE8U-f_yiPgd2ZT6AGSDA766NvlLdhr5IUSE-HqoKP_4Osr6_NOi9CCzav0-4J73xsI69ox5SvVxvk77ixgA_uKMkvUDkKr95VyS_W-wWPurZpT6S9CK_WE-vvjPTAD7e-iw-zbdiv5-8GT7s3U-_m5AQvlDnkT-M1UM_eVKyPrJnOL44cJM9AABFPee6yL4o91M_U0FfvxSmVD-dTBM-KrMoPtfMH78PGDS9hVwmvvkDVb4Xqki-On4KvxoK3j5YI0U_G2InPy_eYL5pzyS__pTtPuW4ab-31o0-JYoOPzNlBb80DBg_HsOjPqjCHj8fcR6-k7m8vlJ0H75IY4C-ATcLwCQmvj45e90-jRYMPbTc4j99rSM_TXUHQCVkYz6WpIM_GIMDPg5ckz7EbCk_6As7v7i_rr8SuWU_Vh8KP7RZRL-C80a-pluDPy8YAD6zOq29KYHiPppHzj6lSR8_tDJVv0LwCb5P1Xi_xT7sPnQx1b6FuD8_DNYtv97TA79ZnjS_9570vpph0764a5Y-mrCpvgaVdD_1pMk-8OUXP4VU5z7bqAE_HfsAPwpvJL-8_0i_W_wgv4DdnL8iH7s-meAXv2gkLb9tbSw9mXyvvj5mjb-iiUu_lLCgPYDkib4F2LE_AEA4PyQgaT-t18g96uNePslRQj-DH84_ymcfP3FLXD-mt28_by9gv6EE8b134TW-dy_gP6X7Pr-UHrI-0Ke2vzcIpD6sLFK_89qHP0BBtj5qdOk_zT7dvZfjj797oyO_gGvKvIMQrz5zFq2_6-6TP8x8mT_3kSA-TrwJvviOiD4KlKQ_O5cnvy0dEz6qbcW_sX78PQE01D8APB-_btqBP-dGK75lq6K9kDaWvmyTB78KYqI_lDC7vpRzeT3SQZE_C2Inv8XQur6-QVi_JVA2P_C-lT_Z4CI-2vMnPydNeL-N1NM-FBRmP9-cq75kBH2_dILnvsBGxr37Po-_C34OPwNQu76dNpy_mcPqPZ3Bvj6vsu49zwtqP_LOnT-OPKY-QN0FPN40vTvteao-qk33vsSMeL7pohS-O02mPsNjvb6lCik_aFD1Pjy64b6FUE2_nQeAPSgO0z55vw29N7fhPi6JAj8Jh4E8bnS-vx4TdD-tSWU_zFxtvh5H_T50gRM_nB6IPwHm3b69nIw_epu_vNQRY7_PoDe9XGDpvmnna7__nYK_ZdesvgyyGz-lKau_Z4MuPzRj7z-ldqi-SmPzvBouVr8UxM2-IIvKPj2TBT9Ja04-z186P0BdPr86YAvA-PwPQMKmBb-x9_8-o1MUPnzwdr80ew2-8lcuvLTxkz9rOZc_fJf-PcgH4L5CNpO-eQmCP8zinD8Ra1u_eRFJvxPF6j55SFE_uShmPkuiF77b4w8_yk6Fv0pUvD5QDzM_1SoDP5Eh_77ehtU-PjHnvm8fHj4NJKE-pRLHPOlphj8a3oY9-8kAPwMPIL_qoDi_OixhvXQR3j4h8F0-WspTv03jVL3Jxlg_RxOiPUrjlr3Z7ns-sftUP2rviD8TZiO-8v8wv50fnb4XMsi_V919P5Pirz9yP-Y-hNxmvxujKT-UuEk_ECSVv16_DL7I2Qu_SSNLPnvNAEC6pPy-DYohvyUWHz9WYQY_H4SkvY8FjD4y8ou_aAkGv_zDLz-aSrc_vEnYvk0UlT7k1Ke-B1Gav5375j1uYpa-AqZDPQiMbT4Cyj4_NAVhPRnR2T4Uaeq91IMAvuYYib1NZEy-yJjgvt-nDMBU8UQ_aLz1PkWyNz4VE4E-BdCXPqduWD1gNhi_r9QoP7NUTb-gFQ8-AzCAvxeM876Wh-8-BhjvPcpzu75y7x-_Hn5QPUS9_D6DXym_LOIzP0352L6j8Mm_tHEJvsU4Kj5-WKe-jcenP8x62b6OkuW_0hgavnYJgT_qjLm_evmvPvQbbz4hmGq-E0xJv3dnbbySIjW_z2XEvlz9QL5Fe949F54WP4dYF79DoiY_388YvyTJgz_--hG--vctP76Eyj3ugGs_495nP-Bnvb68dTU8At4Jv3ccdT8GTm6_IK4fv63Air47CYW8kz2fvnwg9D6IK_G-d2tAP3LJZr-wUQ-_NFDxvkBEl76QmRi_ZcIfP6K0pL46Wjs-rv09v75JqD_VGNO9Qt_DPs2K1L_SFXe_X_HRvgjGF7_vz2E940PCPs5Nkb6e7Di_VGJJPjBdib4Sl7m_anxSvwLPmz-vcXK_hPjMPuzL2r6NBUu_38ChP0JukL4bVp-_T6eHP-1RAj9eHds9Ko9FP-_-iz1SGiE-E9oZv3iDk7_PvAG8L4w5PxjVTz95bUU_CWmivnldhb7Rf9Q_7VKGvBdYVT9oQAs-IRj7PkJB_D4oph4_erxrvR8dLD9PXVw_cofrv3P8PT9gG8O9fBG5vwmNA7-UJCy_c5ravu8KPz-oav8-vSI7PwgyLb7Su9K-PoaivhCsr790ZnI_hwQYv0-PjL5UdVi_nS2VvQPVlb-HsW0-L1-oP9rtQD7slVG_LYosP0BChT-oJ4K-lLuBv7qu2z-O_jQ_V6jPvpT9zT5nwoq9_l80P65Tab8un4o_xX3eP_l64D4P8jc_muzxvG8J_L3Zxz0_DLngv34Et7-pPvq-aX3BvRVUHL7jyB4__CO5v9Q5JL_Dvr4-HV8WPnpNjr_NAqK_9jaNOx-RgT-oTMK9T7ppPn7R6b5FV54-kstKP04srD7zqxw_Xl53vpkRxj7qWCU--LYUPjkDIr800RK_OnZoPDhwiD5_WpM-JcQEvoRtY79M_3O_SnaGv61-577aWKO_nk6uv4XoF79PjMY-bc28vnKQub6SuTa_3pCdvjK1HL8_sSS-VuvwPTyZjT9VoRS_8v6Fv7dUb7_N1kG-cM2gPhg2Jj_dpYA-FIXVPmMfIr-KVQ5AtHawPvuKCT_HZWw-9GkOv02RH7-oJRk_Xg7BPpjqDj6Zusu_bTTvv8BUvb6XYWw9naWTvWqJmb7jCV4_MluoPKrTRT8vyV6-bJ1fv2Bftz75Nsw_KUiwvZT-f79-8CE9vqJpvJnTZL9wUIi_bWccvkX6pz9JIFy9k5SZP74b6b2bSwq-B14qvsu5C79kNQi_uF8Cv7wYaz0pQM-9zXZfP6jpDz64wSY__IFavf6TQT8h_m8_WeuyvTAxQj9vBh-_x6cCv-3I4TttfHg-gE6kPkrXFL--e42_
すべて大文字の英字による変数は実行中に変化しない値を表します。,1N99PZJuJj4Ioi_AfBwGv806nr7mvmM--VFMPptNDz7wgju_1xOLvnyXSr_IE46-KH7DPlnIuD7mJ5k_bhwyv5mdFz8yQV2-1vUqwMfhhr6SeCa_IZmTPhCL0r4D7am--iEDQL4JNb_FcWi-TCkzv1F3w778UJE-8oQxvu0Isb-vrse-Khwov0qb-j7kVXi_YpiXPUG73z86UYU9y355PZK6Dj99gBM9Sj_-vuhmgb_Gi7A_0qDxvjhIWz7MSc--nRfxP3jTnr-UVrs8OmldvtpQjb9_h12_vp_nPnqhmj-DBI2_56YKv0zQJT9f0LG-ZsCsPr5GAj8gSbc-57T_Pn7XZT9m8R6_mnFFvxvlqT9H18w-43AVvxIIZj8wo4U8ogTfvve5Fb_fyoO9iyJUv681Yr9oU0k-mjrtPnhwrr6ROfs-1O4Zv8u2CECom3A_Si1vP6g2XD5Mira95qiePjTePL7Effk-0HIwP5j6tT4edT4_AuQPP45ue7_L4RE__yxEv9rDjj-iAfG9dtFtvwDnQ7--k0q_2MeRP8-zzD-K7rE_GtM_v7LA4T6gbLQ9WHrlvj8ipL7BZSe_sVb2P_DLZb8vIcc-zt6OP8lhUL-604G9olx7vvSxSb-_rFg_z0oPvSSOTL9uJzq-yK0-Prk5HT8wX0A_Tkq1vy5ZRD3Dh7w9dlymv1wge73ofWq9_zdnP1rdH79Otxo_eoNbPyVNhr_keRO_YGs7P9BlwL6Y6DE-_0Qnv9ejKT5CWTG_sSybvyDSU78nKjw_GQjyvgJAXr7PIZK_r0xDvos4PL67HL0-WXULvtdJPj6aMSK_WxeCviCUSr9WeSc-rOhXPwuh5T6Ed94-5LgUP42f9j5WyIc-_K1bvh6cNb41FHE_VntSP3mPAj0wFxPAjCqsvn_BC76co8w96wAsP5LrQj7CDLs-sMi4vlZqjr6an0K_JyHqvh5rnb572nw_GnTwvqBbK78fUiQ_ni60vj0eFz_GdyO_UuOjvpCjib55C5W-PqmJvpZv6L6jP6O_pDtJv6gEZz-QlnE_dG2EPxcPhL-jiaG-WmFqvhQBer7Z60a_s2pxvwYD_j4wsxQ_fSoLPw5NAL9yKJ8-hKufP0-6Hz4eMks9tM8wv8JPQL1LJww_vxo1vq2PT742cD-_O4bSPo6hq76SAFy_Cy0yP5a2Tz5VPYs-Z1y8Plp9ML66tSG-oKk6vKpSLb-mcXq_ciqpv1cymL2yNRI_ESlNPtSvcT9NnWK-N8oGQB-Dzr1OSow_Lv8mv6J7aj_iwsE989K0v3monr-uMVk_avU6vlpvNb6iyCC_0jMiP7Rr9T5W1me-Ds1VP3jLAj_G_1M_VOYWv3enZb95F2e_0WO9P8B3Er6IXD0-zngLv8T9gD_YltS_toQkv36h8b5Ihg8-_rk_v745Cj_8Gz2-rPhIvZ6BlD-ZNVW_gr1hP3ButTv25em-QpsUvnB3bb_nhZC-Z7gPP6hrmb_mcNA-TuirvERZR7-IzPa-rhtlP2zsl7zqtmg_6ARlP0aUlz8pNy28RLCBPlqx3j7OAq0_kAEmP7LhUT8UfzE_qdnJPh6TSD2iQZI9DL8Rve_vpr_W6Ui-wwNAP74Wz77uiXK_KtAJP5aCzz6Q07I_rbUGvudOpr_-MQM_KMSAP_gO6rx47Ko892iNPokbWT4nOgo_ZqcCP8hZqj8Mkag-kWyHv4HSxz3C5DW_I51FPk6pyD8hRrI-XmVHPxgmBD64r8o-mQuYv0MSJz9oV1w_zPxvPjNzfD_knHM_bqM6vxRwET4drNq9zFiFP5AFMj_PPZ2_PPOFP_jD2D6wHwG_hOKbPgwHKL8iQyi_PeSxPQIVXT90Ygi_rwCQPeAXXr6DhkC_6O4QP6KtsL2OPwy-s9vtPrlmRj6WY9u-6VgEP6b7kr7KuZG-_NQkPzOJMb-QcPA-IFAGv25Oqjy0km4_KEuqvhSty7xbSHi9FRMXP47TIT8yKOk-ZIyGP7bXNT6OEzG-BHqAvMIqGz6xL6A_m_U2P0xDEr3szGQ_MHlUP2UCcr9hzL0-vmIzvlbQar40iIW9JKNdvp0VR7-KwlK_CFasvMj2kz4BM9i_LL4eP5QmtD9e56s-PuKgvpmai79wHaG7nkYpvnIojD44Vis8E16iP_2Fwr50KWa_SL8RQFgMpT1moJA_PpHQvR7pgL8Cz32-iAIJPGB2HD9o7BY_1-sVPSlxNL7MHKa-yJ2zP9ykXD9GJuc-oCTMvlzO8z4WLII_daAtP_wYYT9iw20-zpwOvxtBIL8wfSE_FPuKvaJtOr-q9sy-0JYMP84kDT-2eOq-sOU6P6LpdD8AYRO-mEIMvxzhO78GcQq_AB2uPjuNrD9lPis_Of_ov4Lwy75AX-8-tAijPzCQdD0shfQ8D_yZP66Xsz_8lFq_9_83v14djr_0MVy_AxuIP_jaXLxy6ko_xuSpv4cZYL76AqY-NXVLvzy4hz5KA4i-t5OuvgyUkD_8iHY-ECr2PYWjsz7E44e-qPq_PKmtmj5UM5m_HMRsvoT0373SysE_NuhRv3swTb97rWi_Opqqv37Wgz6luY6_2KbiPjWCcD6quRs_Bjaivlb0SD_ayik-RZI8v8s_mr5kE4Q-WF1xvsAaL7uxmA09vEJwP82Kj74l8Iq_1PDtva-fkL3suY0-hFgrP69FJL8HAFU_THwUvzC1dL_0CRO-v1gMvxjD7r4K73y-sMldPeLpET-qL26_CgPmvCjSFb2YyVy_5qslPz7LMD-rhRi_pfaePt7QzT6Yf92_Nl1mPQGdTT90SLK_HSRsP-sljj4dYqW-O9IPv9rnP79KUrW-UP8GPtmgX78yuyk9uFI4PlolpL7CfEk_IkopPhpcAD8MFpm-qgcHP_CKd78MDPU_yBcuv6KTzj6eFTu_RXG4v7t4pz9P8fa-InsxvijXJ79iJGQ_GAtnPYwVRD9WkmO-FBE3P8m4Lr_i4wQ_Qc8evxKyiT-sNPK-FMa2P4THQb9Sbnw9usAVvhr27j6CHJQ9lD18P1iclb9qkZe_CBjYvhZUVr9qzze_q14OPS34nD5kWbS_macTvi72Dj5-KB6_cH3wvsIbaj7OiHy_zDLKviS6Lr7VLX-_xF6FP2in6r6EwNm_GhoMP6XQDz76VS2-p5Bgv7Rpjr4fdZo_TbEGvy_1j71v7vM-f0AsPajVQz-Ex5E-pi8Kv125iz9H3tk_0c2uvp9Wwj9fHKM-Jmavvpe0Pj-XyLI-8hgIvybe_j39SKM_ruGiv_Zadz_3MgO_sHCUvqK8876Sz-o9oFAnvBxjkD_NExY_-CoOvyYM3r4Wsri_IuhIv0qrXr_AyA6-Mi2Cv8qgmz7BEZ6_BIWTPH5rXb84mlk-LILiPmk4cT2-552_-uqEP2xKjz8BY_8-bQZFP7ATXD_skGY_gjUjv24IJb9o0wE_RvyVvrCxrb4YmYY_DFPdP4oNKD98slg_CMJZPnlLI784pnQ-jvvnv1J3BsB-3ja-OT8BP9xLsDwrJXQ_oHxVv3xYPr834cO-kKGsvqomeb9TR7K_AEygO7xLHz_DL1k_rtDTPiUFJ78dZn-9-ClrPygQGbzwUiw-hgCpvnr_Kz5WUS2_R-AAvgUm9L3xgpm_CicLvQKJUb8HPKI_inHDvjCHer7hm_C--ND6vuhuf765Em2-cVzzvu6Rjj6aJ5U_UMoSv507Qr8q8Jq_wwVkP3ly-b53mgI_fd-Vv6LzCj8Enoi_iHVCP9bDWD5X06a-BqABvbjNhz06BKQ-dMZnP-x2_jtFH7o_4B0gP0yu6D6yAYA-SLRQvu6Nyj7qS-k-CmSBPwBxlL6pqkq_IMzGv1xrgL-pB4U-wOWDPhjMY7_iggQ_ziN2vXmkBT8sY8M--qqbPdhcHD80Bn8-P-IfPfnbdb48gAW9wi-bvXSuQL-q15S-VFw6P9hLzD0Cmjw_lORRvVXUpb6BFFE_w7IcPtBSp77j0PU-_TBIPs_h4b1uL808IiGIPtr13T64YM4-EzCavva21T43kRY_qt9APojmlj8YIKE-QYHZvZpROL_4mIo-MGaLvu9en7-KwYe_
"「print」を使って、表示文で数値や文字列や変数の値を表示します。複数の値を表示する場合は「,」で区切って並べます。何も指定しないと1行空きます。",EwwZPwA-fz9uiEDAMmEYvo9wIr4j7_e-WW9JPg7_Nz9n9Na_wSFhv3ig4r5P2Gi8f6pPv-4UnD9WzoO93PeDv8ulvj4O8J6-Mh4CwKcnEj_45iK_G1WxPy-PJL-FU5y_M7aFP1sHaT0aLkU_GoEnPiVXnr4KHDy_Pi9PPlthqb_nTjy_AoSRv4jXB793NSu_kpRUP_emAz_eV-4-yJxWPpyqnT6ADiO_ByckvxCLGb8Ya5Y_AJekPaTf4z5BL3E8MDjxP_NHT7-_HUg7_WFbvgugQ7-muYC_T0SoP27J0z-5X7M8zRJtv7mguj7FCz-9GzUTPu4ZTD9IVBe_6uFHP7oLTD-uEq29MAF_v3IQtz95ZCo-vyCsvCE7mj-Y6mM-k7qqPrS3Qz8FuuA-spJpv_YjQr-_Zp6-OQkovooOAz_qDZk9iZf3vvNH0j8-jYc_g6WTPxxWkr4CwRS_RQ_2vguokj6cbyg_nZuCPkipnD7BRVw9D8YOP1DAlL5zyCs_MJUkvkN0gz-3OHM-xljQvsseIr95nQu_9oT0Ppi_sT82kdm9dO7kvg1dir7R9dw-q4nTvpxFWr_vpoS-CfqeP2LLD785hqm-QSsvPyNMUr8THfk-61EMP4QoLr-cR8w-eYMnPaMlyD5DtxS9v6DIPiNIaT8LyNY-dmfGvnUbOD6ISgg_VVDTvzWf_j5XvJ09N_H3PaXquz6LYh2_W4sMPe5Nlb8tF4e-vES3Pkoqer4jzZ4912jvvsaXkj8YFWW_GDMHv8D3eb4dalI_5RoLv0pD0L5GhTe_mjMwv0zr076cxra--vp3PonabD-W2Ua_LTSYPiHB-D5xbUo_G0GAP4PFAT-wVaE_gkbEPZDiiT6fUo0-15dsv2sPSL-h3nM_zcJSP3O49r6qCDLAeZodv_2gub6VFmI_n9rcPoco0z4ayx-9vvFEv399kDxu1Fa_tdYePsBKzr5s2H4_twdXviQOWb9diCi-dgeWvw8ixD7WvDS_kcu2PttVkL9zkf2-rYtcv4ye9L5lsou-riXvvoB9gD-_Rag-b5nPPkPAub7lNxe74ey5vjW1xL5XME--eEwkv8u_IT_iyke8u9sBPyEJBr9ZPII-fdmFPmJIFL9Fyfu9iTDwvsHn2D6zW5I_4QnJvVtRLr9bb0a_MgfvvgdRwL306ry98zPxPZw_ID75G5k-kCaVvKE1BL5PDhS_3Wc2P6RoN7_HWS6_yu-8vwfAar4J0qw-BXKwvgJ8lj-81pE-7B_cPyznEr6ZNYE_6akKPwfF6z5s7XQ-aoqZv1_aib-Z16w-ur7JPq6shL3l44o7rscOP1J7G74drga-YZBEP3DIHD_Ckgo_hY_NOgwGar8dThC_CxrwPj-60r0WoyQ_amAnv8iEkr7dd_O-B-4lv_AAs752wxO_lsmVvjpi8z7jxgI9-iGKPmqBNz-0tVU-2T9vPuAzVL_2Bj2_y0cfPRwWv76XBVq-RBiDvprwBL_2wfE-74Etvzm0Mb8U5UC_s0yZPedVib5XwCE_3iFcPz9nLz8Oeic_ehAFP7eQDT8Hmc4_JeQpP--Ygz3jqA0_hyj8vif-CT_Wgvu9426iPeJ8tLvZ8TE_qaSrPsDAdD0aQZm_47VdP3uZzD3Bb0A_vhaJPsSLT78jhnA-Fj0jP-1nJb3IN2q_iUybPiPwUD-kbG0_AL5vPZWH2b1ReGY_aRh4vzW6kL7h16S_dO_3PsEX6D9YwUg_h6SqP2dOEz9K1_M-T9XMvoOCsz7sF0Y_W-G2vjMhtbt7XJ8-uWSmvtIPKT4861a_HNt2P_qMbz9phzE-3Gi3PimK_j4LTDC-mmBAPwrmAr_YFy2-OU6zvrPQjT8WtRy-VpgiPpiBAT7e6CC_YK_uvsgGLD-QwR0_IQl8PlZEJD8mriS_DSGuP3boBL4TGws_-gzLPtyOgr8Kp50-o2nKPoMxNj_kYys_xRkmPyHjZb2caDC_ko2bvVaemj6ut_Q7m-YcveI5jD1T6qm-dZoXPl2rfj5FxB8_g2YPvxFnuL3yoLY-DI5vP_JqNL_Cajc-KkEZv9wBprz2Xc48T3nevtpuPb8DbM2_WN4eP_s1uz58Stq_KPPFPt5rzz_lmuA-luULP2KMx76Q7TO_GHoVvt71c74LhZW-xpAyPobL_L729z-_MmcRQP81dr5LliY_HEULvi6YML_m3wq_qO-2PpHJ-D75rKU_YNb6PkaR4z6Skhk_hWuYvnYExj-tuP-9UDUEv5hvkz2oOTY_OQp8Pq67OD-8OFI_BS8XvzrDJr43QG0_Z2IzP5L7Hr8Bb0U-aMDivtRQZz86keo9Rh8CPvhOtD_O5Zy-7i8HvqocwL8JGZ2_-YAcPUoIHj_2nVo9LXi9v8W1Wb9JbwU_B1BhP8o84T7bBti8IrYEPzCIrD9nuEi_M-C0vzDDZb-flq2-aGNJPjXm_j7_aFY_C7hIvyqgVj1jjv8-PHwAv7xjsz6aZsW-R8mYPpi72T9FAau-YoTLvJ1p3L11_0--zVF6Pm00LT-lN6m_mpervievEb7hRpg_-UauvXa2cL_n31-_wVHwv69JNz_eYNW-yfBBP02A1j5h804_-6ttvu1FoT4R4Gg-pKYSvyq1LT_x-ou-Lh0yPkG1rr9wZhS_FgKdP8NbWz8jkvG-rgNMu4slTD7A8ZS-JQBJvhdqI7-30c2-mJtAv4Yvc78yKPs-N8LuviI1FD55nSO_eDiEPqnSCT9S5nW_nK3IPZMHy765rkm_oZlovjObLz9vDsa-WNaRPezGZb6-T_m_eY9JP4WmFz-QfJK_boPgPs74Oz_B8FS_GGOcPagaKj7IbLS-Y3v7u6OUI7-EC0s_T3jfPqZDxT6KRpw-EBwLv_8GGT-BlsS-H18OP_3nV79FOMM_1v5bPjnwqD5sZAO_yT2ovwV8wz_iuTq_1gI1v4eNQb-ZwU0_IwkZv5_1ej6TwOy-Z5oJvkUQvL-Cjcm-dsKivoxHCT0stIK-Rk-DP3sZBr9F4je-_TMwPg63nb1rLFI_pB_sPErEhr9y4Ly_qJHtvas5mL9u0wE-7hXxPrrDMD4XJee_Y4xlPn_wdz4eaFO_v6Guv8VYJL6imb6_sw6jPqiDHr_lypW_Q9HwPgUz2b6uwNe_rqdOP9L1MD_vNO0-74V_vSsUZr_hdlk_jhpIv9A0pj32UL0-QDTpvko4Xj8Ha4I_f5M8vyIfSrxU5Ko_oc9Wv-NzYT8jpq-820P6vZfRxj43RK4-HJDNvhygdzoLqZA_hZWqv_VktD7f06S-etD4vs35vr9YVog-nVdrvmYeQT-xFRy-yU2EvtfVAL7KZnK-0-xAv203R77c_MQ-XuP9vl5TR79oqke_mAnsvh-2cL8esQw_wwpiPwVNMj_QQ8a9W3b7Pq7MEz_qTu88NINovmuYCj_K0QBAtNhTv9id0j7RvvI-NFidPpTRo7_iXbw--hBHP8YmgD_WogM_FuskPoTxyb2iCji-yoquvxaNub8OXWa_4O6avSk6GD9OmYw-qQEgPWMp1r4D0qS-es1LPkPaHL8fftC_sy66vgqdqT8YoeU-yz11PqiLzL7v1X2-HUFjPy0xWD7KWwY_S2ukPuMHR75zHOg9WYwCvE1XIj5K7AG_k9LWPtIPmz7yX5w-slDUvjxuIb_2AXC_suPjPUwB1D6z5om-TdI0vL3mD70OO0A_kfC8vj4efb7mc6e_IYsHPw4OZr_2-WG-Rutgv6HSsz2Pk4E-loYkvxEQhr5FRdk-aqzePqO1q76blx8-i_w8P8NnJr-Xsrs_59zwPr-RFT_qKES-urnrPrxU_D4da0c_PK7BP_aYCrwhYF-_S93Pv4L7L77cUbA-JJA3P1UKj7_F1Wo_TTBPvrUi-D7XG8a-M40HvwMYjz9m1RA_DISIP3PI174mCfq-DML6vUAeh75FFyy_XD-BP6YCir3cIBE_SkHuPtY6iz50S_G90nH-PkzW075cuc6-K16fPO7OuT6QFN2-ndJoP2Bf3zxzLJI_i4rLv1m3cz4FZDo_l7ZsvjWKHT_oU0I_MHhWPzuSp75OT7a-ot8OP5d4Lb5_Cka_
代入文は変数に値を設定します。「<-」（アサイン）の左辺に変数または添字付きの配列を、右辺に代入する値を書きます。,oytdP9xxrD5ZsyvAq56lvhQFeb7qU3u-HtdlPknxhb7FyPS_GHnVvvZrUr_Xixa_SWy5vU9Nxj93vMo-P_9Mv7NJ3z74iwA-uBMUwKFPxT9LDwm_Ea9JP_Jipb82uNO_KdChP9zW3b22PG--pLI-P-4FMr4hhpi97c2_Psc8d7_3-wO_UnMTv5w8ST5zApq_ZjAnP8ImEz8duH09iPngPpp5OT_SrUm-LwdAv2gkHD9toYo_jy-WPjIfHj738EK_Z8_1P7xCnr7ZIPq-wd2rvxX42z66aMS_oEMpPyDgDb_xlXe_b714v8BhrD0wHse_iVRgP0kKxD7r5Ai_NSezP7nZTj9l1tC-3KOnv5_20D-n0vk-1qkIv348bj_czY--2SKLPhsiWD9gTDY-rWgev_IJrb948-K-4Tuyvl0kJL8rYGU_NvEWvw5Ezz8-nJ8_w_a5P7_wPj6aCv-79AI5Pmrvwj7oOZc-RRrzPoHQGb1r4dW-eNE4O0aSVz7raJo_uxA6vxCrUz9aHS2_lmGAPonJPr9UQZy_PzfFP4zPiz-UACo-34i7vdDJTjyyoY8-mKiTv-OkFj8jpBK_UZDXPwNagL_avAo-XwOIP41xFb466os-o46nPPYgIL695Us-kjsHv1amXr74PSC--w2SP9RHZz-MDXY-Z0nLv4G6M76Tk_Q-JCrZv3aKXT4SeLq9fQCyPkXjv77ENi-_LR0sP_JYQ78Huw-_0YfHvZweHr8rJ6A-9Dvavlx9iT9YWd2_y_QUv-caFj9La2K-wDBYv7AzRr294ew9LRaAPUMn-T2S0nU-QTFjP5av8T7LYFi_JMdbvkxrnr1UiwK_tnxQP9L3wD7yWUw_90S7vr5EKj8xPHk-1PS0PdFSbL82RrI_SalfP_IINj-jiATAaeHsvFilEL-losA-8JwmP3LpLj7Y9Zo-PqF2v_y9ir4IyQ2_IWqmvm3kKz5fv2c_YiYYvjD6Vr-T5xe-g1iEvAhMDz_VSji_j1OPPdYohr_hMUq-Y7imvgq4vD0QGou_876Wv7VFIz_n77o-4xq5Pr6a2L6AjA-_SUfPPog69b4b-E0-fOPCv6PBPD9fswY_gV6zPiFH7b6hFk0-CMP3vN8zVLuCbQc-Hph4vhDAAD9DRQw_nHacPVoKOb8Fp0w-eXUHP7IFpr9ufhe_4f9qP0ml_T58JJU-kBjlPfgTjLtjLCM-_kWCP49H276G2Ba_uMTwv4iNvz58v4A_p1VEPgKklz91xAG-eGbNP1V62D341Tg_B51vvjqj3j7HB04-3Z4av8Xpfb8NhXQ-vzGZPzTSkz7NFjm_pItHP01XOz8llSE-HQu2P-pufD8uxBU_bayhvZqdOr-ZmcG_kC8GP6cMTj64xjI_-vWEv20Ykz6GPVa_mGP8vsjt4r7CEAq_MshlvnIvFT8qa5o-npoZP41uAD87N12-1nRcP61xB78MGfe-rigAv5mLr79at9q8PF48PkkGlr73Aoa--9_aPdLuxb6Vyyq_yxbOPmPqfr9AOpI_wNeRP_DSwz-DRNm9BPxlPrIeLb8rYJs_tH17P0ljzj5fy5A_4AjNvoTFIL_O6XY8KUkzP5zZub4WSsU-MhnNvj-gYz4KUT-_hX0DP87bnT4jOMY_ZkCBPiPt17-Y4YS9dHdgPsMq-z7yyla_pNuSPwXNZj9cQco-t6edPrB3eT_sFa4_CZWvvnS62T5QYfa_bCgHvVDA6j8ZQOs-D8F-P28cIL9YMFU__LskvZObAr6lZaE_zlPvPnYgrD5EnTo_iRRSv68kj74n66S-yw1LP9SPiT8os6899k3xPhTW6b6yNoC-aDrlPqM6I74PiRG_yaT1PUt5kz8CByE_fFYtP9MBpL7HNL6_OLxvvsXP_z6DRis9Iy_LP-eR3z_KGVy_tr_6PskepD0SJi0_ylznvprJRL-FLMg-JoesP2EUIj5ugTM_ZVNhPgHw5L6aXMS9roL2PQdnuD44OJU-DWMZP0Qv_z3nHUS_y1HNvncAFz-hnJw_Cd8Tvq6HNj6AFJI_uCFDPwNqQ7-dLq4-cDamvcxosb8sCiC-5a_KvaYF5r5wZLO_aZdoPqlimr4dauG_Q8tVPlhN8z-ImGu-7UBFPwodUb9DGw--2UXuPohMyj7cOT0_9P8_P-0Lib8LpDu_kEveP7Jda7-DcrE_o1ykPUF2Q79KUVo-fXUMviugqz8rWas_DDKNvUNC-T05hAG-3KMpPbfmoj_RXoC_xgoSv4j4Ab_hJJY_mSDZPpOdHj-lrWw_DocovytqqLzBTKI-nS7iPfIr0b50OKY-G5xKvscyJz899429OcSAvg4aIz_s4Po-oB1vvpt5Ir-UWba_cnQePkwGiD8YFi0_aQi3v7BQML_eCma9A88sP7QiCbyY7Io-AMH7PaSwlT92-E6_M-Fgv1sTLr-wu4O_OEF3P3AMrD4zVl4-YF1rvr0tnr7KSKc-JKBMv5KZDT-qdxe_S6KqPTVuiz_cBEA_duo1vw4GhD5l8im9RRnkPiihxj8npra_-EjBvpktsT4li08_bid1v6x1Lb_HEyO_0HnUvmdEFT_-ZDG_UpYVP_BWLD8Ylws9UC7ePsWCaD9Dlw-_dms4v8VkYr88eTG_8GZiOguhlL8aIkI-FBPBP-_mfz_rPeM8ksVtvq9kPj8JxvY9C7uIP46ZC7_YIAs_YzdGvystlL_LFc4-vkUIP7wApr5aNj2_3MbFPgUybT-10oS_Ixo2u-csbL7BQZW8zA0Ov_zLhj7Iw4m-an4vvZH16z6FAw_AGKiUPmP-Qz8F-ou_xC0yPxbCFj-DCRu-izI2v7SB2D5235O-1_mbPSrSjL_7XrI9EUWZPxxaKD33Z5M_KW-Dv-R7rj5IuHg_B-0DP6j3lr6efrU_ZZCevmegnrzSNEG_Wn6HvxPfwD-2rju_fhcfvn7MGr8xc0I_jfmCvwXlZj8cVUu-_AwCP6UPhb89vQG-1sAuv4x73T2RpTO_1Q6PP2z-E79rBwQ_yCmCv3ZsIz972Ew_E4O9PnEuuL-W02u_wR4tvviMrL_CU2w-KkfvPaT5eb5GLuu_anZ2vfe9aj5vJ4O_C1ygv8Nryj7bq5e_-tJMvnZvY79zhse-uSVxPziMC71BhOm_KplyP0YlrT7xBqG-VCeTvgaYoT0nmoo_rIwZv9lCsD7ZBqq9FE6RviiART98m0I_PCM5v_iEED6Upac_8k0ev7LkTj-nhTA-R7oHv6M8RT9XirM-GgCwvmWwsj7sKHw_VKq5v8Njij58GS6_uiMxv6uOSLxTCy4-ptC8PnKXhj-SsnI9h6SCvgGQtj1fVs6_lQMkPyCuEL6rREm8oh9Fv9XpDb_lXVe_EvLcvkcGpb-Wfe69mvUxP8dMkz60rzG_Gh9APqPBvT_Spx-_4TFCP54m6T5Gc78_wvUYPkDhUr5mQuY-KNb7PhrLmL97Fpc_H1LBP2p7xj_Z1C0-jHqKPpr0Kj5DXi0_3NrbvyW9n7_JNx6_I_f8PlobmjwVqis_AaNwv6Idjb-ZiiM_4GIFv0TkRr4cDDe_ZYUtPwmGHz-4Wp08qXkSvpo0wb6j3s09Ilx5P01eST5z0bC9SHlsvnB0BL_ObGo9uqgEvpjQCL_WDaC-eYSkPg6MH7-0B6Q_v4kePifGsr1VmH6_uPLzvu4dTb5WxuC-acvevkG3R7-CyEW9dx1fv3pPIr_iGKK_qfkDP0EsX74QXbK-zGpDvy3KHT_lYHC-UuunPWoVGb-SmRu_OLXYvhyrlD0fb8w9jmN6vsX1hrwsp90_msFMPwXH4D5eywE-369Mv2SJ_b5sVza9KMasP0WPNL9H5am_4XbxvzhEzz7oDIc8EyxCv7SAwL8IYoU_Q_8OPHDaYz-7nZC-toLDPdNuLj8p4S4_NGZOPlEl5r5IOok8A92dPt87CL_l5I2_mt1RP35Wpj5jWOy8XFkXPx2REr6trMG9je8FvxIqmr48-EG_ce1xPtWH-r46PB2_gNTfPt1j6z7Un1G8e1FdvyVioj6ywyA-GCQqvjC5qT7mNgG_lYxLvmERIr_WMrI-TdQFP1DXUb-mZru_
変数への代入後に配列として使うと、配列の各要素の初期値として使用することができます。,00FnPwAOzT4rEEvANIs7vog0A7_gMSk_CabTPrZM8b2DKtC_kGWSvv_70b8xcgU_lnlyvU874j4mFKg_-Vfjv-6-Hz-ZXCk-k2MFwFYdTz-N1tC-LOBZPw7eer-9nUS_cpoMP6agHr6MCAA_abHJP_mDOj-Wzh2_z_SJPzSFS7_jwSi-sOOUPiPinrzUyEu_wt4wPz1Z4z5R-bc_Xu-SvqxQeT_EK68-TlunPq3Xzb6HCGE_1pYTPjLku72eWZ49TpqpPzscZL9UdTq_bM5oPdKtIL9HwXS_9HyTPTiMHj5toT6-T1xqv4ON8T4ia7W_gh8Cvlujez6N5Zw9yNRRP49xNz_HZ6i_o_sCvxsxlT-7-wo_tn5OvwrETD9CQcw9reQwPgPffT9bv_M9rGx1v0q-tb8ka5a_jXQCPuejgb4eIuA-8aY2vwUQxD80_Yw_oc8zP-iPRD7pzTo_DkopP6DHBD_86gQ_yS_-PfgBGr_e9jW8E4BTP5itkb9akD4_uwbKvz4MAUAnI0i_u-04vsdgRL9nHCq_KcTEP2OvYz5iwa8_fpoCPw5Gtb3KTkI9wRiDv7mDSr97SeK-0henP1g1Lb-svJ6-tppPP2uWnD2AmsA-Z6MWviglgL5TRxm_maVnvo5Ye768NSC-aF-BP2zMdD9MCWk_GXnmv9UGMj8z5zw-I4qhv6mJt74RSQw_4-qcvFBfCL-pcMe-m8BjPzZ9JL_72Bu_fEZEPppTND-uErY_TuYzvwP4kD9TgbG_1hWsvnNmdT51c0c_Bhykv4Mppb4Zaeg8on38PK-Jsz6zRqs9mqGfP6jUHz9vFCe_kqGVv8Og8jvJUDM-k6F7PiMEST67AKA_nOCYvk7iOz5DPmG_RSF_v_NW3zo96lc_yW-EPpMWTD_pEf2_W7divX3rQDx-wZA-uPqWP449lb3CvAg_L0v2vo5pUb0OxBK9qro6vxNTPL4ta0Q_I9MJPuJYLL_UM1y_dBPQPSjHET8RI4y-Lc-NPv2nEL7HEua-qkV8vxDvLL9qLES_yUlEv1BtCD4s0Z4-XuXNPU64Pr97FcS--P_xvkNECj89lHM_zAR5v-nIXT4epQU_8QUOvVmQg7-NYLC-6bvsPvtYgL7Difg9eenTPN8EAj87dz8_qo3tProWRr9uKY4-DJ8VP3dDsr8Lu62--FMoP2eaJj_rQBU-3cpcPuk0HD_O9ag--tWVPtYHp77ZpXK_L5wKwHWEET9DiqI-ALjhPW5J6T-kqaa-uYi9P-kyCj6Tklo_eRfOvRwYjT6x-bs-99Ssv_oDlL_OmXW-UrVUPoB4RT7nZgM-T-_iPl6iAb5O9Vs-s0iSP_PWxz6Uw0s-tndLv8g3Db9DTf--riU6vplp9r7LjD8-yQBDvyoZwbzw9gC_XrqXviKNyT7Wuii_pRjrvlPIRz805sq8xwGCP2qDCj9otkS-iLKKP75rKL83FTK_mAcZvj4adr8p7HM-2IsRvJyKMj-gHXi_82pHv67n7L5nJGm_C-lTvnNetL--4Yc_kdWhP_Fbij_2f90-J1kHP88OlD7nNv4_lsV3P55IDj6KP4w_M-7tPrBvJr93tBC_URqQPyQPPL97kFo_KzSTv4o2bz9U_JO_Rdb5PZ2UPj4nqUA_znkBv9e_y79sCHI-SFHBvqaKlz69u02_PbhSP_EPgT9O2gI_I44NvjQAuT6DeY4_Qxepvp8voj6uBdO_Ob26vtZScj_DH8y-lhJyPds-mL-Yb5i-kZRsvTZ6Q78u6K8_ysL2vrl8vL4WgW4_41Qev0kpFj_5w3G_WadzP_IdKz_5s_C9XkfbPqEZBb9X8AU-ogZdvjGmsj6IPAy_8aTevn0i-D70WbO-b3HyPqQaj76IgqW_PoiGPm6RNj8xvPC9b8niP7HdZD-5oS-_foWnvqNei742kWg_mGNhvuq48L70Z14_jnhXPw1K0T6Dd9s9XknZuyPu0b5YwUO-fpwpv_RfuD4mxpo-6RufvsrF8D7PMKi-DhKBv0zhmT-y6rM_5Ypwv_5Y5j4umTk_5B7AP3mR174DZA8_HX9Uv-s2n7_A9xC_W51ZPq__Ur9YHYy_AzMsv-P3yD5dCc2_uwIXP7lRmz-F4r6-HLhKvpZfU7-5Jwy_jx6kPnhaYD6oexU_u2-NP8Vqor_2Bty_G9GyP0-3674O0KM_4yGtvbh1675z0LY-bSYWPnkOpj-0l4s_w-CBvRuCwr4CZQ2_AxyePQmi2T9bUiq_6fRPv3iaXr8RQYk_5mGQPifRsz4uAhM-joN0v9lch74uyh4-1J0FPiNgl792Vma9Gz8hv_5HHL8mfRQ_TZCDv3hdFD_xIUQ-K5ooP5D0ir_eq06_EXUPvwB9Kz8WC7Y_9GWuv46W3j0DggQ_7Wu9vq_HcD6UUAg-m5H8PjNshT-wmY2_dPhPvz1V679F77G_gQucPw3PgT5FZHc95P-BvkCNvLxAP4Q_kSWiv-MBhr7U_3G9cqswPzjxgT8e7p89J6UWv364pT_pRXU-rg3mPomeoz-RgZm_4HSGv_5_pT9WrDU_X560vp3Fgr8J0eG-XjKdvjrNmT48u6M-U6qEPVjskT4Aczw_sfYBvuy84z496wW9cGADvwp7Qb-Z4IC_mHrsvkZKm7_j7Zw_FVhQP2AMoz0HUxO_qL-ZPsPhdj7g8ZA-ibvSP_vZqL_bfXw_eyKCv62NPb9Rr_Q-0YgOv0bSU78pesy-X_cEP6Zdiz4bW2o-yjGnPhCepr0K7Z2-yqUZPYBY9z4lsXq-pkImPw7T_7yi2_-__HaNPlg1gD9IKRfA2ZhwPywnaz9jt5e-JBsHv2Tzzb3za4e_mrhCv7hFI7-oJlO-_LoDP3uRb78TRs8-FKcBv44yEj9DPUQ8hUJBP5iS3T0FE3w_BEQjvyNZwr1eTiQ_AsV2v5Boqz_5GvM7_SEKv2d-LL-x3C0_f77Vvushrj_J4jG-Gl4GP_IKi7_hzco-rnpLv5aY375DROs-XHWOP6CVsr6biwI_yh6FPX1wdj8-EIE_0JrVP2Wy2L_exIS_qhn1vrtHv74P3Ii-KQJmPi4oK7-uwzy_SuRJPmS2ir93RKC_S5MdvwybhT-DZE2_Ud2xPu2iJ7_LPia_G12vPzNQ2r4jGJi_KuyaP_jGej_jXzq-7ziCPqwLxz2A9eS-XlXuvmV0dj6RVIY_QheSvqKoXT9r5zo_iel7v47YKL8WqKQ_FBoPv2MXzT_ORVs_vd_0v8NdgT9zzMs-XzCyPmxA4704Jxo_qS3OvpNQAT8u-e2-UWhkvdgEDD_Htyo_fF2lPrBhFT8dFpw-PmrPPkN4X77Mqli_-OcZv0AplDvBupc_7GgGv4t3hL4KMTi_PalzvVgZYr-pO9w-PTqaP37BdT483jq_TFiPPxQt4j-PyGq-PVEUPs2Cgz8kaLQ_Xm_0vtHK8z5Fak0_bBL4Pv2oiL_XU7Y__uIJP5muVD-Z7Rc_jAC3PhTvsj3Ra6g-2OHmv4chUr8lrny_sT8FPxThnD6zJaY-gydiv17MWr5IV5Y9FxANP6P3er4fdwXAlN2ouoSdiz-jG-g-_TP2vggdgr35RU28n2ZMP6-UIj9H9hE_6idjvkHcJT8Idhy_3oP_PrPfI78pru--2g-lPiiiLD4v9uA-4MlxvpEaOL9v0J6-ltGhv67ohbt0Ymu_4g_3vm53Y79uO4s-2K51v_C2rb79tSC_tsykPL2ubr6Cj1a-yLcLve_eSj-AdcO-46tLvsPeVb9i3Ok9kzMGP_o7sD_beSM_VVWkPp24Tj5vn-I_bH9svvOzEz_zZbS9MykGv-Id_77JcDY-CSSiP2UdF784_QjAFK7av0qRDr82ZVE9qGEfvu9pbb-muJ4_I_ukvkOggz_zm1q8DHI9vpuqXT8A4Js-D-mrPolK_74YWts-_wqDPslNqr9KbHi_BDTMPg6ROD9mvK--gyfAP2kNPb32JgC_MP4IP-VTgj2v9xW_68BGvvhKjT6mPw--w0JKPzjy1T4ospO-VhOTvr6ikb7RiA8_itKxvGXfLj9_oKa-NpOAPn0xq7_2aT0_L1WkPm9SeL_gx5O_
"[」「]」と「,」を使用し、要素の値をまとめて代入できます。",JmFzP7wmPz_XbF7A58aoPgYZx75fq9Q-5v3gPY_E8b4JNKm_PGNkv1Csjb_GKXi-FteoPBygYj850E0_pKuyv8E9pj5ZL7G-SGLZv2YqrD_kScc-hcmrPuF5pb_xlr-__E82QI3kkbxxGAo_7hcAP83MbL3PxzE-xGh2P0hfiL-_SRC_r_puvoADkr5XD-m_l6HGPkIj8j7XR4E_teN2PbYrHD_skAU_LKdWPqKSOD1gYXw_odcrPs_Whzx9OYS-Y7SRP1vdJr-e91u_neZuv3oMEj_AhkC_LksjPxlVvz6Pksw-7w1Bv4wWVT-lhu-_memKvs0sWD-fx9u-VZimPzIFsD6NCmm_CcYLv_jloT8TLSU_VPsGv7nPGj-RVq4-iSW2PnNMBj8XDeg-xFGMvzw1xr_5ZiG_i-8pvtdJy74D7c0-PX81v2Gq3D7rP8g-xhG3P4QhfD6Aovo-RASdPpgE1j4AP8k-LToyPyhFPL93nY-92TjfPYSsjr_myNQ-T1CRv8g74z-gXR2-Jv7avrdbWr66NjG_ZaDGP49fcD7iO1w_k0EIP_N6q75FMQ4-A6qSv_Hx9L75WdG-3204Pwaekr9HuIq-c3CJP-gkJD11dLI-FTEMPSO8r77IkLS91McgvwwspL1wdlA92LFHPzhQjD-JcXI_Q6CHv7i4Ij-OHtU-N4oDwMm8WTz7CYI-ej6jvtZ8OL_Lj5i_42RjP33yBb_e1mG_ORAhP6BekD51dCI_0Fqxvnl_XD-ggk-_EnjEva13MT1JkAA_IFT_vtPFdL8NXR8_aYKOPaHv6j5F-CU9rcdJP6Iqez8vxJe_d0RTvzPPiDwwATQ-PprjPm4HEz55V7g_yxv2vO2uLr7TNpC-tKyevy8aOr4-SK4_6ef4Pm-5-T7eagDAsWUmvot6QL_TIvQ8Fh0dP0locD5pQMU-LZ9vv_gfJz_QUDS_45NLv3-SKL_knyE_7Zh2PXU5n7_y-Tu_qO5aP6FstD5Wvpa_zgTFPfnMyb5CmBI-K2DlvhiLmDygpQW_-sFZvxXPez-s22s-dYpePV3VRL8pw02-pN-PPWtbpL7g5xi97yeYv-px7T4EjhQ_sIatPdZwCr8h56Q-k1mhPZVXJL0LNTE-Yie3vsNvVj77Ob4-2X_IPb3aWb9oB-M-QoGaPibSFb8tQ_C9RyehPyAfMz8Vfvc-BBkfP8oFpD5GrF2-s2zmPuQ7jT0fA4C-QPUhwB7zID-l61c_y7wLPxS-0j-8rK69enT_P25h4T70NJI_iWGOPpPNGT5zpzE9AAYtvxFNbr-ChwQ_v9MNP5WGkDyqxqC9ycQMPnC_Wb7oRYw-8PJRP1yUtTy7cKQ_0PUsv9PUGL-bR6i_oA26PicSKb4e5ZI9uSdav6AkNr7_9k-_gfiLvvVEdb4_jSa_IEbXvreNsT7oJbI7RtJRPwr4Iz-6Rey-2D6CP7ktkL_eOTO_zauIvrW4OL8P3Dk8dnODPXoq9z7npTu_LqZHvuEjQr-A0DW-0UF2PjFYU7-QZ9Q-8V11P8EgiD80dmo98BoCvpqp9L65nsQ_OYAqP8ui-T0VI7s_Pr4sPkbpvL5VTQG_uOKkPxhPU7_6lkM_yKiPv5VOlT_jDlO_ZIVOP03iTL5D67U_D9xmvgsKvL--1p8-q4Z5PhwUPD85782_5yhhP6tYQj9Lli4_7RUDP4plpD85faM_EkiUvzFDeD-JDtW_MqHUvnzt2T9JNg--x2_OPx5BEb-Z--A9okBxPe465zzcb1c_XCyavuRxvb6Z8mk_361Iv2aRSz9pY-W-H32PP4jwdT9xgte-OnWpP4Pdsr_BMgk-T3eePNyeqTzyw029oS0OP8LCDT902KK-QslZP2lTlr7d43C_mAOEvrPWnT7Fd4Q9pfbaPxgywD_vc-a-y-YJP0Bz3D1epvM-M_AWvSljZL5hUJM_USVZP6bMBz7QlVk-f9RMPnk-Ob8Ez6e-iuMVPHa-YD67yUs_KPJlPuv2tjzXKbe-IyPWvt7Yaz8Q8QQ_394Tv2jl5D5QfQw_C-qgPxLRqr9_l4c-CEwKvyqlo79nGw6-AMJ0PZENtL_-Aim_CzzDPmAf1D6UacS_WrxJP1flnT9m3UK_0N9HvoYnZb-BcL2-EO9SP5OMNj6mtVA_GKViP6_ZQL8EaHi_s231P4RWMD7plmA_me_nvpISb7-Dg6G9h7rnPuWzzT9ih7E_y3EdPi8sW769CCa_zNixvpnrwj9IKWi_ClEEv0cAhT4bXuE_WvRPP5j5YD-Q8m8-5D3LvyK9Pj5O-eI91SguPjekQL_SEAg-_DRZv627S7yi3kU_8QiePdO-eD8ehAo_vw03PwNgmr89GIa_An7DPjJFWT9pDeA-oFbuv0_kaL99IJ4-OkZFvqs73z4AJni9btOFP7Feqz-A4JK_XJ8MvzI_Mb9Hrpq_qaXXP_d7Xz9F4Am9hTFTv2k-F72HMrw-cbBhv3H32T0t9Wg-8zPFPmlRmj-sqZa-fcMfv7w4dD_yAj8-99izPTk1ID98iua_eZSSv2hqWT4G-9I_o9U3v_wnXr-mCnQ9p0RmvwQZYj_rF4C-74nEPmc1tT4gzzw_N6y-vemNEj-G4eO-tT8Nv69rYb_HmFe-C9w2v57WWb8FAok_bmSoPtYMyj65cWW_LaWXPdZVoz1ezO89m6GdP3Y7yb9gMfU-B4-xv3_cj7_xPFo_Wgqvvm5XM7769g8-JhyQPmyagD-pq1e_EQ8ruwumDb9NSiW_uk4DvpcALb76Smy_MI6bvVk7I7-ClW-_nR0NPp0_ZD-eUyzA6kK3P7lrLz-2qSW-3h76vh1YF746XZy_-meQPdXHW78LDqq-lu2jP-Asxj4kNFU_1-L9vv424j4ETkc_8h-4Pl9G6j6cP98_ll5Ev8Brrz0Rp_68kjWnvshc8T-dd4u-5OuFPjBgJr8supo-Ijk-vxkW8j7xXh2-CT0mvl0WcL9yDDc-mHVFv8mj177jPxa_RoyoP0AVTr_L1TA_Kh-FPu-W5T72wVE__W1mP-3Nvr_oq5O_V7DqvmiUXL-ekc2-8-n5PQiUi75HCNG_N06jPpmmcbwpOKy_PwWov2O_5D6qUhK_zZTXPmh-I7_6rZ6_3I-xPwAt-L7io_u_I2KRPyOspj3zUmS-j0yNPia62D4wbu6-SEKavzkxpD7_md-91aKMPto-JT91-HE_t1VBvpynB75MVJE_9xrovtzZkD_vl5E-KNw7v-QbOz8HwYI_LTxzvvAYxr6Xpgo_Jvr_vXlpET_mo42-B9crv13OGz1xt8K7yyJ5vdydbD822Tq-T7CwPhjKCb-EMYO_pWCBvoPplj4NJCU_rZI6vwgcdbtmzSW_Kez_PWsGn78CJRq-qHmdP7YLBT_Tzhe-BOleP9dDpj9AvqS93Y4NPyr7rj82Zrs_IA8kv9Armz4mnmI_q00zP-A-zr8xR7M_RtphP8ZVgz9SD7I-l53cPb1Pbb25ldA9QTICwO7amr-rSDa_mXwuvxEeDT9yGAY_KK4Uv75BBb_b6c8-N8uLPv1_7r7sR82_Z5IqvjkLET-8_HG-FQesvvEz-r4ZUNy-ZHP7PuL4vj55fTo_VWOlvpUOSD6wJR8-_8k0vfF6Cb55P4a-tOLLPmB0q71cR48_WBuyvY2A575EFda-R0tqv9yjZb6KDCS_ueHJvjEobr-s_gi-l7glv9tZOTxrZl-_pI46P9TpEz3uile-Qx7IPTpa9D669pi_SfkqvyIVur7_Hgu9mUasvfaKHj-m0IO9AL4cP7MzeL7J6fE_RdSxPul6RT01dCK_ubEvv8k_rz2ZvvU-TbOIP6mVC79EOca_6aoWwCXiCr8bI6e-j7Apv-jMtr98yNs_ji2UvhFBqT8IcoC8rz4svjWRJz9m2Iw-6TAAPxnuab-ID6c-08QFvdtEF78JoMS_5qNIP3ywcT_Z3Cw-SuxIP66qwT7w_lq_033KvGLeIb7Pci-9tozgvbRBoD4It3O_3b2MP9dDhLtpmjK-rFqYvu-K4T45o1E_-Uonv_oNbD4a2eK-rOnsvPLyML8JRMQ-UnRJPrT9hL9Flku_
"「{」「}」と「:」と「,」を使用し、名前付きの要素をまとめて代入できます。",9W5JP644Hj4Sn03AHAwHvzUbI77X4AU-AKG0voNKCL_4Qfq_sW2Hvikyyb-YmX--A5XLPvOyiT-iZ7E-UljCvzt66T66byS_8NELwFVIbT8lXcc9f92sPyXSlL8D5S6_wg4aQPOpsj7rUJQ_9-ywPnUZcb2em2O-UASHP7JoSr9I3be8eR_YvnjqGb-nbZ2_nWQPPyJeIz_85ZU_1uacvvFQhD9Cjws_dS6kvcTTJz4gt28_a1ujPjH1mL5mKv2-csiBP2-xU7-VICW_SYTVvmmfOj9lb3C_dc33PhNFDj8QviY_djsFv5oVjj4SMvS__y66PDtbgz-Vpcy-Q9ifP0NBND9_v7i-1h2Dv-xQxD8CJtg-NXUbv2Zthz-SdHY9UnfUPX_ugT___Ao_KFRIvxltur8dOka_W9U1vl5J2L5yz-M-ZQMhv7smnj9GAh0_WzDxP6DeFT9lfTo95R7BPsJJ1z5k2RU_tqQQvrgEZb1SD4M-oicFPSPSVr-5avk-Wpcvv5ubwz-K6hG-FVjAvSmrJr4ID4O_LDeDP6j4Aj4JYZQ-tdw2Pwwe5bxAsiI-Vsxpv_OKT7_zJSu_EF5XP_kdp74AylM-Y0sFP-KP9r5-TmU-EK4UvZnUqj6MoB08FaNHv9glh75wDFC-U9-pP-PxTD_oaMg_cDi1v3I_dD5wICA_9aP4v0qVmz1A3qk-qD3lvaPZqL7pJyS-e7RKPyZILb99Ygm_vf0jP5JgwDw1MYY-GQX6vrjjPT87hdS_Zm9Jvh4xWT4jgLY-ot-Cv_LmIL_DaTI_g6-7PsZT8T0engE8mwb5Pla9Uj8cJ3i_qXYyv89gLz7zDnS-Mgr5Ppn-fj7ea6Y_sATvvtKkwT7Gp5y-xYyovwoXEL5oAGs_rODBPhmXAT_rxQTAMoQdvmDam78Hp7g9SYBzP_pKAj9Tf4A__eQ1v3Kf8D4h3a--3nsDvxFxpr6lsBQ_kB_kvi8Zvr8Z7n-_JqHXPikVJrzvFDy_IragvhYWZ79En6G98jXOvuiOBD_Vvky_g6Rnv8_9nT8y44I-utwXOtLUWr_wZKi-kneePmaKSz6ZHSA_Oza_vzUyKD92OCg_2dc1PjgUIb99Fik_v9gHvsZB4Lv-FWc9qDDIvq11Iz8mJg0_HIcFP-L5Db-Y-x-87H3tPmtMKL_YxRU-CdZjP8famD6M6Pk9wE5YPnsAJT_m1eW8IyIxvmXkBD7vF3O_l18ywHtxQj8scTs_MFaWPgZ83T8hgqk9FS3aP_KLMD2ltog_mIQ2vuzL9z7NpSI-qW17voQqpr_g72I_fYYSPobybL7WKH29GVIYPwBEFr6JtXM-KU95P2PAQD4Zq20__RBJv6iTWr84wiO_M46xPOjwH759ez4_OIJQv6Zczb3bZHS_pmxsPk3GKb_bO1--jXo5PVVUQz43mCA-pe78Pl3AKD_M3me-WdkRP3Mwh7_AKTq_7ELLvm9uRr8DZfw-mi4YPWtWyr28_D6_NUB-vgX9Ar8L7La-Fe_3Pubirr6bHnI_vUEkP3vHkT-1Yf-9X52DPmOUfb65H6g_77T_PjxMED_ZDGU_nYgpPtbXUr6KFge-OJi2P3buj78ojIE_IDBov4qtFD-2wS2_20VqPx_J_L6L86g_1jC_vh9AvL8zsqC9RrW-vSOdqj_MSOy_bLhuP5sN0z4CKkY_PCHbvtALQD-VFq8_2Zqjv4tt2z4gB5S_oyAzvj_yyT8g1US_RACmP6xuAL-Hlwk-RQAZv6yYsjzbWFE_HndTvuOkpj4bTHk_cMhsv_y0lL4syQO_jANUP9qimD8lhYO9Dy-6P3eJsL_fAmU_U5krvRm67r5Ywka_GS7wPREmAj-it-S-ILSDPzK5_r5tYJy_HaMNPpZglD5yxmo9JQ7BP8lkYD_Mcuw9MsEFP3DbuTsbvcw-I6GUvF0VTj3fdTU_uFyJP2X_AT_DMkA_S74pPyiNo77YI-i-0nZAPjpmjb7sk2U-A5sbP1aaJr74udW-tc5Mv-zfSD9Y1hc_ltCJv8_LgT7RjxM_hj-oP0kFWr_QPQ8_tTRdveJGc78z_K0-mDORvniyNL9D5AO_Qyo2vix5GT_ONmq_MEcrP5W61j8wtCa_yzxDPi1ZML81zBq_jWo_P2r_GT-z0o0_jDtJP-aLN76ok4i_1YLjP7s_1z3evts-lbLfvmVrVb_lz8O-Sc1IPv90zD9JJ8Q_6TjVvMkcp74p4LC9gx9iPiExmD-czLa_YH2wvowYgj4AQZQ_F2oqP-WPQT8ZvRw-6A7ev546XD6I8wQ_qDuuPp9jHb-uzqw-mmKZv1I1hjuvV1c-SQoXPw9ybz8DSp8-fyttPuw9cb_CqNa-qiqdPhO4Ij_eJdg-dle1v0Lbyr40X5s-miUFPkMPpz4Dx-u9Dc2DP9vvwj9rTmq_OCxuvpj5Lr-vEam_LSCPP3illz9opc4-1shGv_0msD2Y1_g-Xqudv14rfj3dZQ--TNH7Pgybuj_s4t--K5iPvWOyUD8Abxw_YwcLPtJlNz-vpLK_zIR0vzuyvT1AmMo_GJj_voYEVL_zFFK9PRZEv88Jtz6ugp--Ke1xPQsXpj6KQIs-7fanPmM8Dj9_Ktq-vMOFvpsXx77oJTw9VpBKvysBu79tFbo_-HUkvTVY8z5yHS-_hjuGPnNIOz7gQOa-NuiYP3sUv7999LA-9VW5v843h7-Q41A_4JCbPl0-P7t2bMm-wFozvo8pVj91VSG_eFMHP2kjNr9I1WK_kMEaPulOLTySmDi_HVu_PdhPML-eQn6_gwyoPommZj_TQCnACRuyP1rAIz_9Twu-kFMPv9mFg741RTm_vVrDvr6Fc787Uc--8IaNP03_lL7l1DY_0G7HvupvGz8iEd4-V_gKP7y8ZD6f16w_M8XKvh-WDD6U2Qk-bzLSvpuEzj_j1W2_gyV0PfgB-b4ARBg7dWVAv4WzZj7dbBy_z8RwvU0alr-M4jq-vh6DvnDfbL7ILYG_IJyTP-wqVL-vAk0_3YJBvPpIFj8NWhY_9SmNP5nc-r_lLWq_5S3fvk-Vbb9wkgm_7QGPPo03sz7pscS_mk4GPstptr7cbUq_Mk1Hv8I4nD6SsmG_x7APP-9TLb8JOm6_z_lVP6BL5r0s5ry_NkSBP0zr9b0WLsK9_58kP4WE5T7viMy-TMtTv_tZgr7t4cc-4wgpPqidTz_AInQ_1bNjvosrN77yb8U_if3_vl8bbz9jBEE-51ASv9aOQD-XvrE_-eNqvfndm71bxWo_Bsczv25JfT-J7Fi8b41Yv-ult72Vr2q-V04Uvp7sdj8lLz--B_QAP5MgMr8-gJC_ZsIavnonsb4l4YA_patqv8QdBr_YwH6_G8aovgt9i78MAec9ir6EP-90AT-wdx-_ew6fPqpygT-f-wC_-gULPxhOzz_MAM0_FUfcvkiXNj_5fT8_40xHP9js2L_QLrc_ZQ2RPzZM7j7p_4o95eQOPVKvw7yM_xU_JNIAwGwBhL91PQW_EnVQv1vEVL7uqWE-7DBwv4wqtL5bXOs-Ai2cPjaQz76cRa6_gf4zvx3BHz_1sn--kM9NPkiaOL_g1Gg-AKsjP2tsVj8GEj8_sloEv9K8Sz4lkwA9LXCsvs04FL6eN3O_uPNVPnxnQr7t7zY_bFTZvZIzEb9YHJW_zPAVv4vMSb_Tr3K_AoRqv1NINr9yBRc-2Gzlvs8ctz71ClC_H38cP2h0CL5Z5G6-jmYiPROMbT9ghZS_AIQ1vxsCO79G8ZO-WUPLvk1kxT7zFx6_RfXpPg2Slb5l2wtAnYq6Oww8yj6Ju729dUI0vyOv1bzbWFQ_5Uk5PwJh6L0Mz9C_HPILwIY5J79poom-uJN6v9jwR7_Trs4_y74Tv09BdT9jhW8-y8g8vqxzKD8sQj0_Ni6CPgYCqb-d1Ak_OF9XPlpII7_b_dW_Bp5YP0zuiT_Ko489QH1ePxhtUD4WanW_zyh3PSNydL2GQw2_GQELv1Ntw76WTE2_pfx-P6PGjL7XYxE_699IvRvERT8hQYE_NiYFv0XezD6_RoW9SVEAvqYjiL5g-MQ-y4gbP2bCRr_OS3C_
"複数の代入文を、「,」で区切りながら、横に並べることができます。この場合は、代入文は左から順に実行されます。",DTTDPmPmBj_ImkLA5jdHviJ_573LB9C-i_4jPmCwfT8AOtq_EuQbvyQ1Hb_tbDq_y7ThvsSlxD8z048-FhnMv-g4Rj3XzWM-VYMBwBw6gT8J9kG_-Q2eP9EiBL8k_c2_06vPP5ULOj7xKIE_OEuxPkQuHr_OGL8916nKvl8rAb-dqB6-Tm9lvx-Cpros3ka_hYpxP2jVqj7F5Sw_R0QCPonrLD-xSQI_EjNfv5kw5r56_p0_Tv9FvqOlpT4oq7S-zc7iP7zx2b4s3hO_1cQov7tqh75GTIW_TwCAP3_IHj9CoTy_BE5WvyaaMT5dESi_AldJPj63Nz9E4-w8eFhxP8D9iz9KGL8-BNmCv_Q2oz-xGty7JvhmvU1ubD71dkS-3YgFvni5eD-Ac68-EmViv6o3rL-ngGm_kGCOvosEvj733J4-QRwIv6_OwT97Or4_QF6lP7nv4j0itB6_m9S7vsuYzL7mlSg_xbFGP53fCb9JCli-PO8nPxNdEb-s5D4__sgqv40fLT9jgGi-yJChvrEBrr_PLQK_TsnvP1OOfj-K2bu9zx-ovsuRdj7KX6i95xbzvhtYiL7VRtU8TsrVP1wsVL-vDQ6-oo26P48pub6pMew-AiccPev4kb6sVrA8fRogvddvub18nJ49m25bP7EzVD-SLHA_hRBlv5GFTL50kRU_hyKdvyOWSb7gA4g-mcsRPnNt3byaH8S-onkdP_ETgb-ICuW-nlMYPvM4vr5EQhk-QZVmv6qVsT-a3Ly_hRY2v6fV2r7VRxq9akpZv6r1x76IyNO-SHFHv-YfU77GFLC8z_4oP76sQz9Ndna-UU_jvY2-277ofpg8-TIFP3MtWD-qybI_Ii09PQK__D4jzSm-1zOAvxykfb-9xSM_EuFjP5Lklj5lyQDAmb3Avu3C8L7gETc_aD4UP2R9sj1acrE-Ztbgvj2C8T4aR02_YuxCvsovB75CpIQ_PwQXv3UlYr_0LI0-BRiSvtnyOz6Bqs2-vsXovoMYjb88y3K9VUeyvr1oAb__IYq_vlM6v6-tYD5Lc30_4nLcPvGWsL8z4fa-9nAGP6SC0L5xBM4-vMOcv4odhz91KqE-tXN0PujLer8awMg9zsyyPlFuaDy88tq-YhLcvrubpz3E4Wg_ifCYuxCWiL_UPYW-M8EqP-0FUL-H9hW-xlIRPys6VD4OQRo_yxT9vr1MX77iPhm9oGBcP2nhFL9zPTi_pjXOv-5FJr65ebU-iaEavwoFgz_keo8-fRMLQDnXAT7P8xE_rG_mvAB85j7tDvk-pPGfvwh1zr6d3Rw-04ZvP3zrRj5Jgeq--0wyP999Pj6iR5e-dZZYP_dijT_pKvs-NO2rvYs2yL5JvvS-Cq9kP8IvCz_wlUA_Xowfv6-PAr7TuAy_xpfWvjGiqL4IdxO_HPQzvyAheT5_2gA-xo70PrvXFz8IQWm-UiDVPs0Pib9n7le_uufwvk22Yb9fP12_8NMivxX4YT71Pkw-XIwxvhXTOb91IxK_GzShPusLmb7cM7A_d0rXP7f1nT8NSfI-cMzwPkxtH77zhMk_SatoPuub4LzbgUo_zkyDvs4ctb6RFYO-YmeEPhv2l74MuIU-xAyyPZXuEj9Tk4K_QSMZPy_24D1x1D0_-cuCPkDxVr9AzDu-ynGCPmBzXr7GWCu_RGvoPgIF4z5CV4c-Xn2cvjiFoz55cAw_SRxav8DJqb6e5dW_9KV5PsatHEANUS4-PdGBP93jK74tgNg-R7cUv_SIAD5d1p8_XzHIvU4MXD5Iigc_XlKUvwRN-z61V0q_CiOaP1GiST9fxk2-qD9aP6IKHr4km2W-ZKqpPruVFb8oSle_-CZHvqoZpzwFZGu8va3zPc4w9zw5wau_gGpVv3hKKj8vyRG747kDP-8JRD8XNJy-qko2P3sbwb4BRsY-lRtQvh5IPb8qfyQ_XUqOP9-OsT8FbP4-TvQePWtAKD4XWDe_2qs7PfzMuD6K7a2-gAjFPj3HRL9zCtK6zk46vPNgOT81a4c_G3CLvU0OWL6Svi0_92mHP_jldr-iuHk-e5yLvtiYfb8sXww-l3XcvqTwLL8wiqS_nYcKPreOjb4Ic7y_6nA6PjXZ0D8cPDY-uGJKPzTxbb9Jdai-0dWVvQ3yfj6Xpis_3nwiP3pbTr-NenK_I_n8PxP5Gb9GaIg_k5vCPWywKb46NyI-aPciPyLnXT_3YMI_1OITPs3_Db6eY5m9P9chvubIoz8sI8S--Jtcvwk8jD3zWJY_JEgrP8IcoD66JiI_7FYVvy4WhDzvG4Q_YiaZvmODa7-nikO79QNYvwrNtz3JTy29Gn1RPmwTpD-8GT4-GsQevljRnr9xO2e_mhRnPjWnHD857p0-isuFv4IRQr81YLQ-K9OSP4IVUT9g1os9aIlMPv5J1j9sAPq-1g1Yvxvbh79Rjo-_6E4_P5ykNT79KjI_YUGIv4AJQ78PGbE-CnqDvyJ3jj7XYU6_xSkFP8pDjT8T1iA_yn4Dv0XbEL4mln6_meAjPhT3Jj8V9KW_7KV9PnNcRz_R_FE_jtI9vwEpIr8o8CO_lnqlv3jUMz-kA3e_LE5yPiyR7D4pXec-MKElvjTSpz7XE9a-FaEEv7zWyL7PgE--AEeVvsQlEb9wE_I-9fy-P57zKD8T2hK-Cm7yOxIovD4ka8G9NN0zP3iOHL-n3CY-lmhnvkRUMr9Bd8k-M08CP6Y8O76o34O_wOpCPw1Naz65e6W_G9zcvqIgar8CyhG_k_CSvXQuKT6VI0W_c7atvpmvrz1xhAvAqCFqP_lY2T7QEqe_cP9jP_gSAT_11O2-IF0Pv7y0nbrb-ZW-iPxNPj5gS79Jfes-4ptMP1PpJj7x9hA_ibYGv1p-fD5sEIg-mmV1PxrBtL6IqcE_9SXxPfO7MT6Cww2_YlOFvyjxjD-CKOO-Q6UOvnN80r5xGIU_ufrEvrGtkT-nMEU99fJ0vtOYBb_wn1m8QzChvkJajj4fbgC-7V6iPzGMQj4VrNw-k9fjvu2kiL1NLSo-sUjnPmDr1L_-hqG_4pYKvxcEar-7mi29IOd-PmZXY76fge6_owrqvkAYkD5reB2_I3ITv1Y5FL7nO4S_OC3sPdEprr6j8VO_JkF1PwBPu74YC--_pBWjPxMOTD-Pf-4-UvGGvicYq70CDng_P5ICvo3yIj8K8zU-MZhVv79ziz8svzQ_y-J4v9L28j41xLs_gYudvwepfj9Zfzq7jY9Mv9UcDz-rTrM-sVSKPCpZKL48q9M_3RKsv97uqz3RLTu_flsFvwp7Xr4ceTe-Dnp4vuHqjz-xflI_9GNpvrS6Z7798ti_zJaFvu1Kaj3u14g-TxQJvpJogr5PqGS_QWUWvdHarb9dLZc-s4HJPg42Rz8XmD6_KnysPHCSvT_ocXM9WdlbP2-hrj_eMOg_SeJIv_FfGj7OR48_gowHPhPSk7_3_Z8_U7etP0AqTz9EavE9UQ-evuCBo77qy5E_KFefv-ny8b8ZyTO_gFoEP4ElGT5ViCU_9wsMv845q76T14I-T8tvvt7E1z7ZtJS_L6DAPv9Miz8TCJ8-Cxtvvg0DXb_5Jim_iKOXP9-sUD8voRK-JgqpPX0Oob7Y1-0-Xx-jPQsNzrxZ6xq_FsREPzFDNb8RvJ4_eAhGvzxax759nHK_jXDFPE6zLz6MuSu-lR6bvpl-Dr8v8iE_LSY0vz1zUr_ID6q_ZC2XPxbQXr4Re5G-9Yk5v0vAcD7bfTq_MtaMPo_NH78krcS-TqHtPjTfJz5t-Jg-_rQFPxXx6b4-CVg_06oWPzpreD_WECq-l5EavpIyOj83qd4-PAa_P81nD7_VZZu_6jeov9qWhz3Wk_c-vHwxOx-3ar_nDIM_tOhlPgvuUj8f-8a-IzjbvjRHkj_JrJ0-AP9bPr7Il750NfA-MZCJvQadzr3FUyu_O-SvP03xRz3j574-_YJ0P1FoC76vrM2-KIoOvg39kz1EShK_aFVsvo0yiz5sxhO_uakqPwKjI70SMTc-OVLjvyBPJz94rcY-Tn7OPbwKoT_M24Y-r_pDPvwcSr_OCCa-3kr4Po-XHr9fz4i_
「input()」は、外部から入力された値を返します。,-a-ePyDxuT9HVT3ARBOlv7pXmT1dV5S9oaVpPsY3Wz6Oln6_fiR3v28PPb_mRvg9L5G2v0Bm1L7-wTU_nSapv7c_Yj8A7QC_fkigv48whj23QmK9aMnnP94TFr-wwNG-lFfJP9OQwT36OIs_GGcyP24xMr6OWKu-NzLNvgYUUr-STLM9U9hdv17DAj7yMoO_32eIP6aY0z5f_VE_aRoOPw0en79RBKC-bZ9DPtWip7zy4aI_p6IEvod9sT70SL89ihrfPwe9T78m11m_WAC7vq66Br4dup2_IQlcPvp8Uj5iZZW-mL0gvx9uhr1S-LO_a6o6Pw2SpT7mtR6_7hZTPyhKXz-Tp1a_p26OvjlgYz_eYmE-C6iAvu3Btj909-U-50xsPzKlkj-LxJC-WnPQvwAvbr-kOdO-L54dvq8pBb63fcQ9FpqEPa1s6j-vRxQ-ACT1P5Vosj476V6_3R35vYeZML9dDGw_MIvSPmyURz4uUmg-H7fhPhvdeb-H76S-e1NUPziVRT9fmGu-nRI5vx6FTr2Lq7Y-zeKQP95Chj_sfjg_Uz6mPtIvEr9Rc8g9ZOM3PbIBC7_95hM-Dng0Pz4GK7_vZTq_kc2DP2aLn745kyg_X8wHvsxBhr69sMQ9UC6HvibUuT5LySM-UXRWP2ilSj9H05o_6iA-v-ZKIT7LRBc_IF_-v2F3tz47qQQ-mn-6PkVprr53tcw-CiqmPnfku7_KLGA8p1jSPuHatD653D8-Zlh9vfddYz-Q2oK_gJ_SPiscNr_rikw_yzmHv3DsU7_35Hq_QC5PvugPvr3mqx--RxkHP9ZFhj-BZnm_v9C5PvD8ij5mroQ_-Ju7vLQ9qj--Fsw_gIV9vlnsrj7Pfwo-bvF8v75Umr89m48_yregP2blnb5fH-a_bUtGv3lPCb43cSk_x0DEPtA5-L0RUoo-KoGZv7RD2r4Knfk9X_X4vowBX7-fmoc_YqrjPbJW2r7zeGO-LVkrv1i9oz3OGiq_h3XIPrlwyL7mfRE-OsKWvyetGD4gEe--ObNmv53fxT9_N4o9tFgHvhj_db8y3yu_zeP5PYfFQ75ncjw-2KWDvyX0Gz_AzDS-YMJdPy2DJb14spg-mGPrPpGW6b77SaS-mszGvZqPlT8Nw4Y-3yUfPgxVuD7B1Hq_uZdcPmQAwT1MdqU-y7NRPze2UD4Vtog_jgJSPo5eG76kHZQ9Gl6Mvh6wib27_rS_4Crgv9jeRD_UuxQ_uV_vvuq8Xz_3xno-axCsP9RLrL7wIV68rdh6P7QDDT9AopA_USrJvtNwaL_ofzw_oW8QPu6vEL6HcuY-_iKCP2VpFL4OS7s-hEMDP9cohz8HYEM_NCk4v0w87zwMyGi__vBlPyTRYb_324M-_I6SvsxuEj6RZ5G--iX2PUF4NT90Gqy-SOcGP4LvWD6FjOO-_SHrPhkddD8-OLm9B8TMPigqQz3K4i-_C5GpPnAGQ78yo6U96_FAv061lT5IpYi-QobEPb7M375xic090YyEP7REAb91k6w_4Y_fPjroyD5SYkW-DBf_PjnTCLyHhaw-yuDIPhWeKT8h19g_1S4Ov76VW765iao9tAVQP9HJQD6Yy3W_E66JPpiOqr7E8la_2_COPxMMbD_C1Qg_8TovPno14r-0zP4-uZokP7g4tD4ogYa_KJI8Pu8Ctz7k8JY_YTZbPtWPTD_YhQi9_m4Av50wPD447oa_agk1v2tgpD8RgRm_ZlGAP_H26b797o4-NT48v5ocQD5fbk0_rLQ7v4yfrj79xL4_C0eNv7064j0FZQS_utgfP8i0hT9l2mS-ITB6P0yRSL5l3Vy-RgQsP-1shL_6KMW-im3LPbf3nj-HP9a9_xITPiTBnr8HOyA-H4Lqvp0PmD4KWtE9MmMFP5p5-T4-0te-tHiGP1gDJ790bkc_tYAOvi__Br_LnEU_H0B_P-_Elz5E82o-JJvHPtgjvj7MkNS-TBs-vrkAqz4X_Yi-AI9xPyHW3L4kXz6_awlNvwRqBT8IfBk_3Y9Gv9JdRT8mPiA_q7hPP3t-Fb-gijQ_Ak2KPnHPJb-YFok_Loltv34tnb9TqKC_0BvFvkgsPD6lFbq__dAWP8inST-Ou-Y-P_VvPy55ub9tFC-_9bGmPr3hJL5t0Hy_5caGPZMIMz8mSyq_P8qOPzTksD7FdgG_NKAIvy1dV78idOm-zbcMvi0UKz8rXoI_khy9vRgg5z4yQvs9XzXMPv8vKj__rg2_XzuSvq0GBz9mIqE_NxIOPwVXHz694PY-WMupv8Xr_j6fuWU_51KDvhHVWL9K8UE-D3EYv9tsn77gH5q-kbEWvu52XD_kiPC8ZG0BPih_8L4KDWO66EZhvhrOUD8Fgcs-l93Mvwg1yL6vuAE-nxaRPjIC4j5tFWm-GMwxP1pIuz9v-q6-5-0vv-vCE7_M1Dm_qNK0Px32Wz-Cse4-l-yev3-6vr7aXcS-RpOSv0yeQT_fcNe-foHhPiK1bz9tWTG9TMZAPv6rpT-TQPC-1AOBP8IOt77yPIm_5LtGvns_xz4CYw4_aMA4v7LSYL-tBUS_ILrDv-JvVT5Bj0I9IACtP8cD8T1FH9i-JhJAP8rmoj3t31c_gniDv4x7az4COrA-UQhlvj-a6b7tuMU_94ZWP7dPp70AdiI91AaCv1DVFD-fQM0-b3kbP8Ddeb-qM5M-vgTNO0L4eb7KVaW-dNOtv_UMDr-aMcU-OA76vVTN9z5fdLy_KnUNvtFjjj6SJZK_QOMrPgjckz6hcI-_lqeEPi_WGr-fnsG_gB9TPlVfaD-3mf-_WvQ8PYJ9z7wmaBS6N_whv8rZk70r9Su_aPj2Pkp2Sr9KK-U-bdKFPipdkz4tZBw-QWDuPguJQj4gBns_R6fdvjTdo734n4M_kuDwvvcBrb3xkVk-ioGFv5hU0j-qpx2_0fbdu-LOF78_rvY-pX-Qv5orlz3famw-DpPqPgfvCr91Izm-PUrgvkclE71TpLm-PoN0P5ejRb8etSA_LKk3Pj5asD7E5u0-aM08v5kVnb80hOG-Ghgcv3VlGL9YDAY_O6FoP3fFA79-6L-_enH6PdQbpj2mA0m9aOivv8iybL4ltUq_9OAUP1UDJr7uHZe_LvNUPmWKNL-VAV2_TTXPPxTsWz4_-N4-H7g5PoBeTr0Cgp8-Nj-Uv0wMTbqkVu49t3pCP8yjjD-kDOs-X3SIPH7JqL5CF249MagYv_-Xjz44na--RMEFvhVLcT93kFE-Re9Evj4t8r3qOlM_mQNBv0qHej8E56q-6muOv2ioB7-VFD8-RXk9vjGpnD9Vyw49Rh1mvoidk77VeYG_ON1eP5pwxL77_p4-RY82vy6K7j3Ovve-oOKpvuaOyb8I9mI__UQOP0ZGMD9CvXU9x0FXPwi3zj6YTue-1eJiP0ppJT8MPj8_LIZYv2GDaT8In4A_P3OCPlQf0r6540c_r7iLPwDffD9HEc2-VVZAPhR4lr6RXaQ-CYoEwCHcmb_k5Xe_PhRcvEObCj_dWKE9joA-vsQxX77YZ7U-SKBNvTC8V78O38y-pgxMv_lNSj40v-C9k0_yvjJHGb_wK-C-Wpu4P5J7PD9hIR0_dFCzvmCAKr4WAZO-VfVlu-HrIr8Vy4O96szIPigMZr9-n8k_3yOYv2RRVj_ykjm_H3Eav51TSz0iOpi_FSlBv3n6QL9BnZY_LOoBvo46yL4H21O_4D99Pz34k78Csm2_hor0PRjXnD6n2RO-iqaFvyTekb46_AK-teQIv9mLnb6deK2-Hv2EPhVcXL9reAtAp4iaPpa6kz8YX7u-FJQqvaGjXz60flo-9wQZP9pvN7_uTpO__mfEv5Cf0L1hlOy-bj-ivrvYbb85Azk_5_4JPZH1zT4osNg-tbcfv35V8D49Myw_HY-SOzlYETzkVNa-iiA-v_SZ8z5lgUS_-9IpP6otHD-I9V0_gGS2Ph041T61NQ2_KFhfPucpkD3H2FK_A4EPvtcYkj4Yyza_u0QjP7lVTj66fIE-s8m0v-zpGT-sirg-daC7Pp3pRz540LC-cl58PoeevL9ihZY_Gy5Qv0V-cb-0H4i_
比較演算やそれを組み合わせる論理演算は、条件分岐文や条件繰返し文の条件として使うことができます。,khdpP65ZNj9xohbAU6XDvvRGsj1cin2-XxMxvsZyVT-bOem_a1FhvyRbTr9EWOQ-s99qv_TS0j7dJp4_RqqEvzqnmz33F4I-3HTnv-USWD-8J4i_AECKPx-n27_t346_A1PQPzApHz4cH08-wAmLP1j_Nr_cIOK-HFfJvqXBX79APSW_a55Yv0ADXz2orMS-5J4mvxkDrT5cr1w-h1YcP6zLsb1iTpM91t_hviok5j7fUm4_tx_nPeq36T5TbMy-_TP_P_rnWb_08c87qvqoPUOf6DxZEGi_gZLWPzO7Hz9ZVTi__42ZvjYyJD2qGNW_yQoiP1t4pD-I9B6_ylHGPyTRDz9md4S_Z8ypv5lMfj9WKKU-DQ2OPlY3pj6T5BQ--tskPmrCmz9HRWm_jw2Av_j_gL_x6qy8Si1hv-uLVj2fGgE_uoQYvglE9T_5W9E_uOC3P4nBNbwjnym_BqFCPIPvsL1FiKU-L6YYPz4K0L5xNWk_j-VTPik3tL6fYTc_sDoov73riz-YeGO_TagBv1MpQ7-bjAm-AcWYP9cisT8S8wk_rc29PoGxv77Q364-qsiZvwSZ3b6xuwe_gdzGP9fvkL_M67c9FkslPwV9h76Kv8y90Pa-Puu_oL60MeS8LqlUvohOlr4kyZO-f3YHP0Rn3D1-_w0_n794v_YeCj9Bo4o-6SstwP2BTzyoVJq-ydiEP7Mjw77QtEC_U2ZdPZeFtr_7n5i_iQCLPqE5e7736MU-X8Fmvm8INz_tKtW_gKj0vg0MGj-kUPm-POMXPr5rO79bXC0-n1mDv0OW4b7dP4o8-kabPhgKJz-EN46_LaDgPSROgL7q-dM-KugSvKieXD8VZqY_vF4MvxPBRj-79I6-DFacPQPJdr-eEDc_oS-oPs0jRj6tqxvAT6mVPiE5EL-fExA_7fJVP_rUn76MAUC_6DZKv4_ztD4GMSu8dBxgv1OwAj-OlKw_h4vUvr7iWr83sM69jrcrvmT3OT4qn0u_37CcPvStRr5rPjC90IUkv8Aep7_Qzrm-tgLEPT6dVT_x0b8-yieCPwF-ob5q9A-_mzSePm5c3b4G9w2_FZm2v-t2fD8YFK25oe40P_H7LL9bpj8_sHeiPu4ORr_E71Q-Xo4TPp1XNr4JkG4_x3TBPUc6Pb21rhK_q4m3PoE5sD5Nc16-H3CgPzQM_r3Md-c-NOG9PBLEhD4SZCO-kIKvPms6077D59O-gmIOwL6s8rxEo1E-XTMGv8myfD_dUqA-lYQQQDTI474VAwo-_qASP2Re2j3T9ZA-K6PGPVP1cr_P6Fk_X05gPjMPeL-QNgO-wGM_P1b_8D4V91M9wRWjPcwYPT_3K9k9ZIyKvmRPQb8YT2O_DLyNP4CR575Mdtm9MyNZv8Nabb6HihG_4ac2v9P8QD-tV6m-H2kwv73fRD5Dt_Q-Qbv_Pgcnyj1onIq-fA0DPwyBRb-nDCi-kJYZP07RCr_Kr3s-Ya4GP-hfJL-PwlQ_7CgOPUy6c7xrEcK-61SCPnMFLL_Sa4Q_pP2vP9xFiT-lm429kjNmPn35ZD99N74_hJglP6cHaT8nssY_Fr0hvj3My745agO_zxHzPaQEfz6z4rA-4pGbvqgGCb9KWna_J81HP7TjOz62IFY_OWuvPZVkzL929zK_uZiTP5vweD-nE3e_7VaCP987Tz8yWSE_vrsWP7kbEb9bMYM_KyjXvtCu8j4k2ivAt6DyPsGF6D9oBLu9SEaeP08ryL3QkB--dGZevqpUF7_TtEg_H7U3v3oDLD6YanQ_YTpsvi1zXb4jKrC-0RKgP9DgLj8rvzs_Klo2PpC4F7_Yv-6-jePkPh-Fur7Ysym_3DUmP2QAgz9x77G-eXkOP3ZDZr8lVkq_Lte5vaRy3b4EKiU-5Dw6P-H6Pj-7Rru9oeB0P0HMZT1c8QA_9AzFvae42b8VsKK-R-qIO0rM4D5KXBI_rfpLPSs7Hr8teou_TXzjvlE0Lj--sgU_xEyHPrM_WT-Wo5G_vns4v3cHWz8TiU8-LyIBvrdJibzBWu8_89wMP9PNr7-dZRs_Kj2BPgGThD71ry4_eAEuPqta0786guS_iKetPq2URz_bPvK_tmARPbTicj8nsdE-RBJSP2FBdr9GZvq-JZkyvvlwEL7ZJuq-7doXPwbNYL_ryX2_GtsPQLcZXr3woxg_7skJv0_5gr-Ax1y-a8smvLmb1j6kKH4__f_Avq7_Lb02Ol6_04Xwvf5Hmj-z-8m-aH8Sv5KWmr4xW8A-7P4APwnbDT9obSw_mw1fv3fLYj-6ehK9prcQPsB-3r5PPIa-YgxVPvGUXz4wHYq-Da3ivv0sBD9EehA_9OUbP2rQi7-IVRy_WZIaPsDCBD9GQsE-qhO1v3BVkb_brnQ-kRMdPzvfJL3nunA_rXsNP8Q3gD87bea9HRiGv6Q6k7-iXJG_MEVPP96gnj7ZBQq_Np_Bvpb087650448h1eqv88p1z6iWjy_mNh2PmKvvT_Zcma_JVLIvnvQgT9V2U6_j96yu1P9jD5NS8-_vPaJPgq-vz6oGJw_dEv_viR2pL2lPcu-x32DvyGMcj9baJ6-GOpoP-ehib47snc_q4aCvnODRT9S5qY-mKWCPW05iz42Ecq-krf3vhPmGr9V4Qs-9vqIPx_Fvz8I8IU-npWivH0I1T5HJhM-fRhmP_UiCb9tL_a9-ISGv1-Y7L7ofjw_BscwPlANab73fye_jE-_vb6Etj4zQUi_VM6BPzCiwj7D-FO_9xIuPp43vz69Uw6_I0WAvRxKZ76Yhui_UCh2vZDFmD7Bf0C_5LAxPqJzeb32N9I-614TP9X62z5nuzg_VjPxPDlAy74kd2I-EoGyPp4zvLyB5ZQ_akofvxvzTD9ftCY_U5NRPwqhNL5JCe0_8Z6Lvq4Ms72fBMC9s9aWv_fB4T9NfV29EgpHvmhZfr25Ppc_cFaXvx5ZUr7a8gM_fZ4SP5CfNb-JwrK-lJKNv5a9Lr9qLS4-Q1GHP3EOz75fxwA_6joiP0owUz0YYzU_p18lvv-gg7_zKlK_BUoavwvbN74gvoi-OW21PhWEHb9oeOe_96pVvgzwgjzHHQi_LACIv60Lsj85TTO_K389P9Iy0r42vW6_4oC6PgR0Mb8Jr2a_OmANPyQOTj9WSqA-HhCxveohAb6nQeO9cMUuv9Pug77Zo7k-1LSRvif3Nj-Hq-E-x9-CPvRhe77knZ4_0vsvvzMhBz_jbim_WD4qv3OB8T6M2qQ-4iEkvz2Lwz6G5n8_hizuvyBNBz6nI1G_T5JXv5ALsr73tTU-WT6Fv8dpGj8YSaS-YBGhPlEXqD4_uSe_O0eUvgcXm76W6e0-tohAvjfObz4PxlW_NIOjPfYHlr8OsRo-YRFvP3oitb6DfXC-oeNXP0rlCUBcXU0_BoY2P8tsnj_q7hdAnwwsvmfFoD7zl2k_U9mZPr37V78GlkU_bggXP1sx6b29VIY_-oj9vioiMb2tHCE-JQLGvwOtvr8hcFC-pIeXPtvlVr6SRo8_AAz1voweVb_QRsi-kJwMv7vWU70I6Iq_dx7QvhHwuj6khh4-9xhIvD2oZr8DW607ULIHP_mtSj8nKVw-Vp3jPhno2r4H_QI_lf3SOwmoO76eE_88jv2dPsMtWz4C6xA_sFBhPrC38L1HI0u_d7jcvupJsr3fhxG_YcnnvSLqwb5uzsE-cCx4v4mDVj2bD1K_cAcnP7A3j76bZQC-XI9hv8YZWz5WEgw_4tqyPta0yL5qaCs_zrUSP-hNZL9is449W8ahPu0iZb7Kwto_itPRvpPkBD9Z_Rm-JHDHvpiI7j4qFIE_22CTP1Psgb_f8Yy_-Uyov4wBDL6AMBe_JaGrPvRas78jqQ0_a4j-PrR4VD59kVQ-OXQKvlgJCT4J5Bo_UEmOPo8j0z1Trba-ZVD3vrpO1b5eXBK_1nOoPmGXJz_N7O889WWPPjYilD3n1tK-0ur7PZm9nb6Nl7m-E-iTvcabyj0PZSK-03SYP11QnD-yWQK-_Zt-v5DHlj1fwxY9nxcSP2ehQD8S-kO-Cc7yvr2bnL_fau8-AOV3P74fpb5vPjW_
加減乗除の四則演算は、「+」、「-」、「*」、「/」で指定します。,vTXBPnc1Lj474kXAwZUGvpUbbL5i61-_ERlkP0l7Lb_qMbe_yYvLvjuufb_nF0A_-Cc2v5hvJD81UFg_X_gzvzudRT-CzPK-WAKev8L77j_wKoG-btzsPqpwKL-1Sby_qy_UP8YhxD-NtlY_5roTP_QLJz8AGWa__ajkPqDbG7-YHhG_T5EevwQymrwHqG6_eJ40P6cFxj40cNA-Sd7aPvxigz2qu7u9hihPO_HbzD5Z1cE_4_KVPbkQYj8EcxI__SkrQE5_fb8LA76_-KdDvwNCej4gJNO_0EdbP9DbCj_qAcG73bEpvhsx9L6LLOY969OFvunXsD5i4ee-nNtmPzAbPD-NrGW_blehv2qTvT_E0AA_ylYAPQuEjj-lUoo-JjJEP71Mrj8gCe2-Xh-Nv7R4mr_VVSw_NZsWv5HEnz7RLGY_QywHv2ngFkCmk_w-32DEP1qqGj55GoE9g6NsPqcq-771Fb8-94XOvk66Oj4tpMA-XcMOPfQRir8_fxa-lyYIvz9eDUDJzhw-QVoSv-CUEL_2hj6_kyKMPgtohD6yKLe94PoIP8BRoz4JWc8_3EmzvpAeR7-Jt_k98G3OP5noPb-U2b29xnU0PwBrX762ExA9Mqurvqf76DqbpKy-VS4BvwD7rj7wk66-ycGlPzviyz55jiw_7W0fv1uemT8OSIE-YtQzwBS5WL0_mru-q9XTPr26i77KVRy_-HZMPglcvr8g84y_EfWVvt8Lnr4fH8C-x4tiPb_llD9g-ZG_JztRP3jR6b7O_Tm-OHRTv5Frv78EIzw-1H3SPdFcG79y6d2-u5T2PkeaZz-Gwgq_fW9SvjFymD_RyHi97VuCP86KYT_Y1Yc_GWGAv0aRVD9DVWy-TjhcvwQOCb_d4iU_zrdiP7-IfT6U9R3ALx4fvxQ07b5OeX49BwASP6I1IT8yJfY92KrFv3D7KTxZ5tw-jfP9vkCvYr_348w-ibmYPvtqkb8ytr--nHVau9KJjb442Vi8SxQ1Py2ETL8kMrq-7LIMvz9o573Z9-O-9reRv3GcVD-ZPcw9Cx7JPqPtL76K0qa9yjqEvuSK175DeeG-HY7Mvn0bYz9xzZO_eVi5PpTIY79h6A4-FbjuPgQPDL-1B-k-mZeGvjYqIj_KWby-JgVHP-KwLL0cRRK_gu9LP4tj-z7Svn4-V2hUPmfL2b6r_DQ_mHxZP7foBT9p6FQ-CSuWP8stR77K4JO_HDIjwJlpTD9MrgU_wQaAPlFpej9fzZy-HD7RPxbajr4kMo0_9bBdP6eDvT72czA_MXaBvLlWvb7_-2w_3ekmP658ZL7Kmxy-LcXCPh8XbL74J368t-RlPs7Ovz59F6Y_Dm3AvvU2qL5V7aS_oiXtPu7ZM71tfIM-aUSsvvvYv75iAty_vay3vge1VL94wdg9ydmUvqMaKT_qLdg8YjLDPspUUD9U1jQ_arROPxhKmL9ttCY_vhT2PqBBXr80g2U9Wbz_Ph3zIr6lV5w-ZEFvvwkdo78fraQ-_cgvPjKKOD77a7k9hhFoP1ftSz-NeQ--9THCvh3sq75kgYs_2KUBP8shJz-7ZG4_DTOPv4kAHz9ZSLC-lBp3P85kxT78Cec9jwGmvmjpAL-uBEW_cunzP30gKj4d6a8_o_7mPczIiL88QBm-64ISPzo_Ez_ADsS_iTyDPSQ3yT44XvI-5xAoP3-6m76k8ig_453mvukLTT44gR6_CRCtvxVUK0AHtgq-CeXQP43ZIj-fXsa9iy1bv_U3-z5w3Lo_4oGfPQasz77XA3o_vwqevxLarb2njcy-l6BTP4DVZT-Ccj4_l39ePzFMhr8nuSU9akjaPl_etLx5PbU-ZFXfPS42aD9rREK-fvItPnkMqb4SN_I9UG7bvbtZTj9g35Y-ewXnPyvpTT-qPfm-WTOFPp3C0T2Zm3I_UuDdPvI9_z6ytjE_RMxrvnFovb5Jrak-8ey5Pu2fgz7Atik-auy9vlYywzz70bC-ymW1vh-fAT_0KUO-cFwwvwO8kD-LxBM-zTO-vhtzWD8_V3U_fRuFP8KUIb8jzM8_2HwFvoY66L_it-w-6r9xO-JxmL-jXrK_rnKAPn-rAT-CobW_-W2wP4nz4T950GS9-C9xP99EcL_eyPu-J-vsPhniKT7_khO-C6bsPNSHSr8kpaK_IN82QJELYb9MEBg-l2NqP0rLnr-AfDi-M-0IQNTyuT_DYp0_nfObPhRJQL2j-u0-krhTP-cj5j-UlFy_1VNTvx2_wT6p2nY-Dq4cv3TCjj-9NJo_WS1gvxlalz-EhAQ_X2VzP4p96r6EpMk-FB0hvyJP8b48-Rg-Ejx4PuPHPz-5_R--HycePxdDRL_Sn8K_1KNEP4Lnbj-0Ucs-zU6Sv4eNQb9jx8g9kspiP3XA771xk7K-Z2aUPXgNyT-y7DW_5O43v0Nxwb4Jw4i_6Yq4P0P-3j7y9Se-QsOOv668Ab5gtys_BrDAvhjXvb2lXR09x6vjPq3Yvj8v3Iy_8WlHPrGl1z34gc4-uBT4Pha8srve3--_FqizPmAtLb-ES5A_vbEqPgmGOr_wG-e-PXmev_n4Jr6Apjo_fSsGP_nIMb-yDWO8e3dEPp-W5T40D6a-CYfQviZrDr9kyri-23GLvvtKq78Ny9A8lO4UPxwKqj7UU4A9zlAMvZyeRj5n4cY9XytGP-3_o75tImW--Vyzv8_Yk76iqpO8aYe2vj-iSL8480Y-c74Ev-DiIj2U0uK_NW9PP1YAkT2WYji_49sTv3rvrT7c4Ye-Ujcjv3bbBr-Yjii_BHdyviOeNj9DUUe_QxsLP7yr3L5RQI--tbFPvrKOzz514US_NZIyP4O0KL850sI-Q751P0Nuqz4Dg74_rcROv6awWz970FU-3OBdPJ2ZRr9zOos_dbKFv-8jBD-KbAq-gK6GvttGrD8btHi_2XcVPk4BZ79Kdf8-IpujPUsKer7SlYE-9UDLvlR0gL_ANpa-joNqvz3xA79RC-K-cASrP_iwu78ZKlw-VibDPrxzXT9LLbw-iWl1vgjQnb_JIjK_h-r7Ph__1L8tOHm-VcinPmRtVz7cqdq_CbhLPrhnID-5eii_K5pTv1DMrz_uPGK_1jsZPkugGj4WoKC_IJZTP9eXW7_fR1-_zTyjP7KB8j6Klhg_a6hUP5geBz67tSI_giGvv-dMkb7VekG_9DOfPvVTfT9RTE4_uNIxv06A0b1Cgs4_Ekszv8ehDj7dSQG_lHnYPj1u4T6xIDs_X9nhPdZunT6fD4I_G4W1vyL7PD-bsFK-9bmUv7eHxr-7FfQ-4P44vgCooz-Cwwq_3I5QP5wcNr_2NaS--_UZPiWbjr-JMwE93GqAv3n34b77UA-_HESRv9Fcsr-G4dM-UsCSPzG8Hz_b5Q-_pla0PlanhT_q-Ke9GUfKvZDeoD8bDMc_dXh2vwnU7L05Ggu9_eguPxZYQb79NQM_aM0fPzBAPzxbTtI-_HMmPk6HCL8QbQ0_Sajcv5x_Ub9DCU-8JsoQPtnlHb9tqYo9gymovtimGr8W-y-_PrwBv9ERM79tDpK_skT7PjUOKz_Jwqw6JMdIvpSfJL9pvgi-KktfPycjaz85uYE_FeRVvhEXdT7mFGa-3e6Vv7IzPr55Awu_JjYWPruZVz7PHoE_Us8fv5YZQL4Jt4u__uGbv72Vg76NBlK_Bilkv4z_Gr6gOfi8Ymwsv0neUr0CfLO_Sd58P4MV2r7Zcuq-MgK5PguLyj44-9O-X_FUv0p5Or4WPQq_3vTrPt8Kgb6GF_C-DrEmPrinrL9ZsMc_DtczPyYoyT5k8WC-In5uvjTHTT6TnoA-YiCDPzUoVL_vRau_SuTJvwm6kr6Lvua-2XqjPi3Hgr9CFZQ_5pTFvtnt_j6OmI4-_BUfv9ywhj5-vag-PN0UPvXzAL_Hc96-lFNbvp-8Yb4g0CO_kZAlvG7bET94fKc-0aRnP38-mT5fgti-rHCiPomHyr6nTey_MEjxvtQEqL3yW-y-oxeyPkl52D4wky4_wzpev2PS7T0mlK4_kqUQPxCKuj1CKwe_ei2Gv3LXWr09vMa-gA9Rv2LkoL7bUd6_
整数の除算では、商を「//」で、余りを「%」で計算することができます。,fB7fP4Cogj82xkbAaN6XPjv6MT94ogS_hHwgP2PFcr8FV-C-2OABvjkMb7_a7A0_a0qmvJcLSD-m5zk_kRvjvbaagj7zVEu_FyNYv3TVyz9E2y2_XOnSPoAUhb_k5wO_pJ78P3XtOT9Mbxk_kcuhv4uNhb_ansC9Fbd4vvyuuL46Hf2-zzTvvg-Hhr8Z4hi8XDEBP7u6DD6wWCc_k4rFPTq5kL0Zwhu_x5itPhOnNDzkR7U-0dNhvdHxxT3FMus-vKltP_8gGr98_ra-4UqcvgeeHL5kPSq_F3WePlbcCj8F8H4-4ERNvzlYM75CkLW-BZvSPURMXj7KghS_ZHEoP339uj7Nsxy_cLgqvwc-jD_jzZg_klzvvcs8iT_mNrQ_whAKPRFSpT-KYlW_IYaJv7Km0787rzm_tmbHPryeTD8_F1C9O5IWvwoBAj96w3c_jUuoP3cqLr9tyOs-NWWCv-u6GT8u3fQ_6po0P5I1TL9nMK8_FoogP9Mznr_Rcj2-gsMBPxM6xD-IpDc-kS_GvgKUIb9HKGU-iqGjPyROej7dlag-0boyPrT1Hj9VjR4_a34fv4iaN79RVTi_ZMAJQJaqob9V8yi_6GKCPzgojL87VJA-OMH8vllvzL4btt0-2REbvsaGFr7Wlt6-GzsIP90U9z7yRFs-BjpZvbINnD8DPAC8Hg0SwBhXFT0oemw982E3PuS04r1fOxe_WfGJP4IXy7705_A8IYmBvnLNObpDmMo-BPhMPvLdKj_ECLm_wiCVPSF9wL6-TB0_vF6iu3GbiL_m3LC-2zQOvypgPL8KjQS_l3_hvMTYtL0nW7i_31OHv9eOlz46HHW96sINP83Maj95dDE_6Cn6Pr2xND_ZaQc-lALsv36Rtj7kTgo_fwl9PSTilr6_TQXANCxbv3xXdz6asRY_u6_lPjjvcz682Pk_VVJtPhQDurxDlpY-dAdzu5ZrIr9xqoc_4hz6PUFDVL6bcGy_SKCnPxgccj8tUFa_FcnEPS_CtT72L2k-eGmlv5j9873zp7-_MnAFv8p_aT_zEBO-GyMoPyDrar88AJu-JtX0vuvg2b4oioa-mvHZvyN9aD8k1Hw-UqErP-bMMbxvSCg_JGS0PTIHaL62UBG-sZ3qPqJDyT0LZfU8bCkiP7MgRL-_SIG_bCCcviJ5ij9p8Jq-wH2svoAxgz6OK7U-H6xrPieSBT43B5y-FngWPjiLGT923Y6-DZMWwACuYz_5LA0_xVyyvmBS_T718cE-Pe1nP-d_nT_yqCc_jz9cP-79Tb6MADo_Kx4sP2sLab-2m58_CTGYPjzkxL7B222_T2PYve-WlL7jDYI-HwD7PnMVVT4cXQVAY2dAPoy1q7_md72_-S8gP9OFq75-kDE_NZ4zPz4-Lj_yjWe_swRbv6RLJj5Kvgu_ndpYvzR_fT_2ZU6-hSwUP9tTsj8vpie_Ll1oP8j5Sb_AeiS_9msyP4kQyL-sXxs_hVS7Pp3xOL5V1Co_EUOvvl59GD-8fHk_J_DtPqyTAT2S9Ak_-v3svQCXoT8tyxo_Bv-1PuaZpr0sN6Q_rFpVP7aQ-D5jwsQ_NO9fvvmVzz6bnF--A8jAPwBuSb-Al0O81yEGP_YKET5pTC-_Hep4P_xqgT5AU5E_j5ctPxrrpL4ye3g9eDQtPpcrbT8RJJq_mXgIP69iQT8XGM8-WcgoPLgXkT-eaEQ_rKlev20J0z71P8i_fA58vklQjD97lS-_hNolP9tCzz6cAt--eJpjvzrwDz9dWGw_q5G7vsdAQD7RWaQ_uYZEv6EdH76jKpS-nA4ePw-TAr6sT6q-lHI5PWmxir_RzVC_xNkyPnPiQj079Ly-LE2TPAkCtj_h3w2_i3LBvv3Clb-G266-k2shvcW9mj5BiKo-2A5fP7isij_Tcvm-Bs2EP1dJgL5Z_9K-tecuv11GgT3drQQ-HBNQPw6Crz4Lmam_jqGvPaIoh7_4UqW9u4EWvUrjOT-h_00_YZsYPUjWTb0VpMI9fyh6v39oWz_r32o-dguSv0KzE74LlJy-D17CPkw_Sr-mxyY_xauZv1HBP78u3Xw-iCniviAcV79wSie_909qPygfAT-5Q9u_P9hvPwORij_nnCI-6ppjPw5_kb-0Q_y-Vl8Iv5rvsT5SokA_jIgdP9-Kp75_51G_xL-0P5P96T7NMcg-rnYGvwO40b_Z1709r_2UP1qyWj-LzFM-3dUoPxAZ777GH5K_7CQCv2TVvj9_H_y-MiabvjHXmT5jtGY_5A09P3vnjD-XflU_YbrAvRRfRT4KmnY_dByQPgvCTr9lxA4-SaGiPiUFvD5m65M_U71TvkSjSD9_OZI9VKqbP6kliL_q9FS_rmcTvxIYrj652jY_yZXpv4XyY7-at5M-uJYGPw9hhD9hXWC_0SZHPApCcT8C9SO_rS8Sv91h4j4pJoC_fnJvPxtahj63_e--IrLGv90gAz4jor297cAevFewqz5PiS2_0wYcP7KUxz-CC9M9UOXxvSTb_D4rgju_SWtZP4_DNT_-OYq_1bbvPuQTT74L0Nk_6Sgmv7k7Lr92Mra-zhrjv_WBCjzpate96ry-PmJ3lL-nVS4_P_RJv1g0rz249B0_CeIGv9tnFb5ScYu-G50lv9qRHb8AR-o-Z_xBP4qC5D0qZ-i-OVfqPrNEV74GuqK-t2ZYP03Ylb84DgO-YDimv3zlUb8R2kI-qGxdvuGUnD5kS6M_iS9wv1C0ob7M5rq_JyY7P2Z2f71JNWm_es1PPvANYj8xxgu_oEaAv9OG6r76GwK_j87Xvh67ST_6Ifu_3ccTP2_oLr-cWQW_IjCbvMutpL8JQEK-PmH-vI2f37_E91E-Pg1QPqANXD_MgWM_rNjvPnIusT9Zg_4-82ZtP-_w976WgyY_CHQZwAUz2b6aCUm_Al8Cv3y3qD88ODA_Nkbpvu0bkb7kXHs9gE4PviC1KD-WvUS_yCh0vuPxHT7gg7E-R7Cov4HZij-PWUw_shiQP2WotL9jLz4_bBVdPuBwGj70yeY_aNYBv465878potK_Zpluvr8WP78PbhI-EShxv-txU79YnI6_sLMuvfbZfz3FI8m_9iAzwHYnf76NYKG_-B18vZ4KbT6iu8W_zWfbP3M-jr8v5Nq_23SBO5WfBT1k4rK-4yggP8LANb5PSHY_S5DTv6IDy76ft1g_FyXJvTm7qL4kSFs_9H28vlH7ir6npoY87WbGvtNtDj_flq47IcitPkVWcj0lo5c_9qqWPtrKC7_TB1I_pOwHvh5BCT8qt8o86iqov_J0Jb-vcr-9cFMoviRgnD_OQ6Y-3tYAQKr4EL6e8OO-vyROv8mtuDyiING-djh8vzAGnj4h846_oJGYPpZxzr9xHgw-KkdVvuKbIT8OMkm_jIvXP9ka6z6ER4k9vtC1Piabzz-lrXQ_lwLXvnSF-r5PnS0_s0zKvgB05r4BnMc_7pJ2P8Y9jT_l_iM_jdyAPqBDBT9mGu6-gtvFvzf8QL8AqZq_3m8Dv-T1d79nqE0_xn-MPTAyV76GfOC-uMkEPwtJ-r0dTLm_r-bOvlfSUj9dPjK_vECYPd3tNT5Iawa_npVYP396972JlL09ps2TPNUCtj6HS6u7JTKrPgyx9D7CK6W-4ExkvjILaD1Hb6Q_Rwv5vsUoQr-IRia_Wieqv8HqtT6d7oq-eIESv9A5SL9W7YM_DmWRvjux9L5fg-q-NsmyP6YQOj7ELUK_pm4CvsnLRT94NJI-2jxWP8oehT6GXbg-tt7bviXpID2_f0c-ERvOPpSV1j6RRf8_92jFvlS2PT8Swp2_Fgefv1Z5jL5FuYS9PhrPPxA2Dj3No3i_YNXyv6qEg74AUAG_Pn7vPUctSL93jZU_cGztvgRMyz_kMjs9lndzv9pFST_ykfo--R8CP2oxJr0OUsO-wA3vPikrvD6OAnK_4PJBP89n0z43TkY_7oLkvd-JJj9gL46-hiLQPrJTWL-6oj2_k0Dkvp3OyL6yMkm_jEiSP7ul1z_umGM-2_oQvwM2AL47zYS9tyBWP10gWj7R05e_JsSgvWBWcL-pOVM_K6gHv0mwdL5MZEi_
複数の演算子を使った式の計算では、基本的に左側の演算子が先に計算されますが、「*」、「/」、「//」、「%」は、「+」、「-」より先に計算されます。,zH60P7UyaT9HmUrApaiYPkwzOr4X4Le-QAGPP344Qb4HI12_S2iRvcfG1b8y9c4-DCmbvb5kZD_n2sk-RgYwv3AbLb9HDMC-wxCLv7hR4T_nPwe_EDqWP4trDb8gffq-l5t9P84xdz9gfR-8_qVxPqbBmT7CnJC_WoGFP83Uo7_6WFm_mvK9vrF-Tb_5GsW_AeJkP4HbQD7PSgM_SlHUPhcGWr59aAc-sQspvUN8qr5-VSQ-rhNcuxI-fL3pT68_-iTePzZsJb9CWQS-1F8cP-fu1T59Ihm_GDmjPzYRUj9-q4o-8CJlv7ecKz58PO-_TCpBukjw1z6EfSy_KUsLP7UDFz-xBJe-8K8rvzgZPz_Kaoo90slmPdotKz-QPms_TJaouhhZmj9H2Hg5ZK2vv3Qqsr84Gwi_mrSSPo_miT8eyBo_WkqVv0EnrD9xPUo_u-alPwMcSr4BS_A-kJvfvtSnyr5-Op8_uZIgPzaukj6_G10_5TaAPzID575FuMi9hyE7PzmQrD_Pn-Y-QZEvvgGa0L6ETpC-JGmDP1vKGT9ogMY-W0YJP59EYT0-_Ck_u1Mxv_nQNL-V3xm_9uSLP93o7r6HEag8sxYMPyPsab9qCtg-j7dZvzF-xb7HOY--OT5QPooozT1rOyO_TP1gP52EAL_bdME-ilrXvrL2jj7FB4k76HP3vykYP77QhKY-JScYP_1Q1L6rsWC-Vys_P4gFq728DZu-dGrpPhLsZD6_FZ-92t0hP2fpoD-y_Hm_lgSWvpkR9L4mUmg_bktVvpNplr-_aZA-GUTkvof5Qb_z5VG_zu56vUBKA788-2W_fChgv6InYD6nDiU_A5dQP5pyGT6y7uw_D70WP9sLAD8HtKo-DRniv34x674xTCI_T6N9PFvC3z7raxPAk6RDv0KAHL0pIMO-ZAn-Plhw4b0E5j0_58_rvkoyXz6K-dE-yiw8PjW2XL-SVZw_BiZWP4RQiL4vqQi_XZL_PRBlyj1WzJK9DSI2PqjJg75XoQ4-p3WDv1UvVz3MiBK-pQnHvxYgCj9Ep4M9V1N_PU7hl7-W5ek7Sl7PviQAor4Etyi_c83ovw3ADz8yfEm_lNMGPy-KI7-HgQ8-NlHlPvwZo75_7w8925u5Pp19rj61u5I-6smLvF3oHr_ere6-JhbePiI3gT2DTSI_KbxQPWeEoD0zUIg_2pLDPt36Pj-SsLi-fZ4_P8yPk758zsS-FTMIwOivIT_RO34-qM-vvi8mFz_lh9o-dNaOPz52G70HXpI_imbtvMFYaD7YWkk_XO-aPfaMH79lHTo_szlJvw9AQL8xGhi_-sR9PjwuR7_JfgI-zp91P9q0vT53_MM__Esev_orcL88pYi_XXMUP_MVrT6--uE9D4lkPxUPdb5ho52_ouqFvynEwbxb1ZW9Cmn2vkGRvz5M8U6-c4tDPopWmj88jzS-GpvEP_iepr4PMlS_q96_PjW70b553bk-ylegPsc7-r4VtUI-h6qnPKX9UL5hM3C-DNg5PrMU4b4_Wfk-c48ZPzaztD_EFFs_BdcOPUoVVT5PW0k_6o1YP774Mr6D2gFAAx_cvuKNNr_rwV--R1A1P_2x270jROA-g0R5vRDx-z6YUBC_XAIrP7NUHT-oFHg_cBXFPr-YTL-6Vp4-3ezuPkyOCz90wgS_FdTQPuA2Wz9h36Q-z1AvvrybGz6yJHw_ailQvzWnOj9jK1O_HAcUvj-Urz-xosm-x4xdPxaLwj7wRhE-_BNIv7aUWL2yS-8_Fa-Dvgk4xb1bSII_1oKkv5QEnL6dlIO_sitXP5mwurzFpyI_yMrIPhqzSb-aCyG_06slP-SJp73LkiC_SzgpP-o2nj_jIOe-Jss8vm5LKz5KmPs9_TX5vtswLj5Kbgw-dz9NP9Pzoj6yWkC_qw3QP6MCNb4gId4-4yWDvb48zr6_KrW-SNalPTG2Q7yS8-2-wC4wvRUmbL5YRLk9kWaQPg7CJj_oX28-OF1tvQcwwb0HACU_zKaQv79JvT4aTJE_DQ7MvsynrL795Y4_2sEDPjyLIr-7va0-Ypqev9TkRb5xXa0__eG6vtAbhr-o0k-_PybGvsxilj4j_b2_sfQoPyjlTj9k-ao_wX2WP17Nmb9ASpa-j_E6PvqLHb9Mw5k_sKgGP7XDhr-dUzK_nw7xP5w4cj5zuy27T2ZJP5BMXb8aATo78QrVPk31AL7cphi9CZ1Cv1snZj-ZUDW_nrACv-OinD-d976_VGVQv7AH2j569T8_JXczPqKRvT9PpE4_ljarv9TSTT-VrzA_Fp-nPQ7VNr5U0AU_IBJPPlgAP73zjJo-1IfEPNVnmb1aqKM-rvVuPuWpYL_9JpK_o6rVvmON5T4pX_089Ly_v1LEtr-rStW66scaP1dc-j5ILA-_7lsDP8QqYj_V0AG_7Z46vs4iOL4K4-6-oyqwP6NnQz42gzo-vMlcv7sN7r5kHHG-jwsqvwCg0T4vS9i-qXR9P8KkBEC-U02-fDybvpi1nD_x33S-Cgbmvjz-jj-HJW-_IM3PPlEb5b1FVxFAPKaWvrHBqb9-pxO_fWUGwNVfQb_6p_8-0c3UPhhvhj10yDY_d_4Pv8vJHD8gm2o_uKYAv6Yunb4o6cO-oqsBv0RaBcBzvyg-xiy2P6zW_T7quBK_attmPuM3zb7Y4Ju-5T5eP3dFkL9UNJ0-0ZJsv3PrlL9UtNg9cYOFvuHCoz5VAjY_qBc4vhXTm7_Fism_iUQPvpm7670yCpm-cJhovXxLmj-uDUi_wfm8v27fpz4nGZO_4YkxvshhDz9qcBTAXdCfPmPXfb5O5z2-DADAveT-rb6HQF6_jO07PwC4qb-hQS4_kvm0PlLRgD9dszk_rMQePhUmQz_I8yA_kJXfvTvH2759SNs-8NiEv7MA471pkZa_O3fFv0yp3D_8skI__voEv6O2QL8AW-A-DzMLvxe2KD995du9448av71fpr84aYk9VAGJvzOdlD9IpgQ_SkqyPktPQL9tpD29Im-RPcFY6T6lHyc-zCEsvufEt7-uY9S_8SE0v8J2WL9X46i9_j7evmg_ur4q55W_GvfWvPwLhT-DYFG_8dOrv201Rz-9gza_D603PyiVV77S5Sa_h7JiP8qn7zzFWlC_1ICEP5_RyL6EdQa_mE4QP4r-Sb58XTE_PARuvwML8D7CdhK_wYeXvqn3nr3whAk_aCUjvyYo7j3Mptc-_lKKvnPnPj8Sqfs-R2ggvLbyAbwSNlk_P9wpvfNoCD6uN5U_62n_vsXhUj_tO0i_gXbIv0WFxL73LGg_k0KNvqp6ET8BhUw_6-WwP5Cihb4BRgq_ZLMFv-r9A78PXII90e0Jv5myXD_XStG_udCIvspEkb_jUF0_sIxcP41Txz7YeRm_-anNPTkkJD822dc-GkAtP2WQiT_uLWE_2lqnvpacPj4o3h8_u1QtPeMAnb5o4Ds_ec3CPyY5SD_Vtwi-EQigPoHN4b01Iw8_hJZpv_ODCL_9bvG_IFgYv1hd0TzmGoU_VeyEv6KzSz25qwW_qEioPogijz5CU4q_SrOBvry9sj_LkYO-z-YQPheyyj5-OsK9vFuLP9e7Yz1O_KW-5aJTvvOMzj5Swqy-E05KPtQ02b7Yg8W-lPYGPsRiB7-yomY_bq__vi9XVj4K6Bi_CaBdvylepbk2Rh2_T0svv36GDb_tfC8_VeYIvpLKHj5wuUQ-EL-sP10FDL-E10K_JbclvpeC3T6m2oc-bQD6PUS_pb5KIJg-h9ASv0wEfD56IIm-E94zPlpPor5e_qc_OQqSPqAkqb42IgG--qoyv4lqTr5zaKa-bbVYP_yVOr8nHKC_A5eYvyc3kr0uur894GH2vncRcL9zAaE_ZaxgvnfHjz9XMTA-zNQKv9gSiT_O3AA_fKBlPvRA5b4P9J4-qA5Bv9LyN78dBbq_z6ImP3aKtT9B184-dKoOP67gJz47CcQ8zDcOP_SqaL_SeqS_7RAlv3mvu71VMWm_PNqBP0SltT4KRoI-Uc40v6EdLD7dqco9elGaPm3sXT8X7SG_T5YgP2fyNb8ma28-cAlBPru49L7av5u_
丸括弧「(」と「)」で式をくくって、演算の順序を明示することができます。,Ru06P0JlZT_5n0HAbekev2Bu8r6Nn_6-94eJvusmmr5dVGi_TRyovc5MD78-3U4-mLZnv4VnJD73_cE-ghrsvgSr_zwZxa6_VDvpv6udnD_CEvi9MO-7P-iPeL-EhV2_JPbSPw28Ab_HsaA_oCjtPR5yXb0BE2W_No5bvmNE0b9KQDq_qU4rv_riPb_kLDC_zezdPd5Jqz8Mdsk-oAhdPMxWVT4CuiS_zCQBP_CwFr9emoE__4SwPgFr6L5myhs_M7IpPyxhn7-Wwdy-nFD7vWm7Vj9fMbO_5p3tP7Z9sD_rE08-uKEsPQQoQD8eMIq_sciAPt4ulT8Hciy_WssmP0l1Iz_Um6a_rjrFvkcuYT9hnV0_7ka_PttPND-SHpM-yzobP3Mqzz7eE4s-zE6Uv9H-27-mBrq9J6oSPtUkgz4JUps-1cmFv6nGrT9Yfhs_lnevP0gdTT5sXWa-l8vKvgWaiD97sW0-hlygvopjBb7Zb9g9RaY9PVuXm78VYQQ-8576ProwzT_5mAq_6Zk5v5RWiL_kmnG_pHZEPy51Aj8CDPs-5u12PsdHI7_2RVw-OAa2v0A5ur2JUhm_gi6cP46iUL56fl6-y9YSP1XPIb_3iLo8H2c5P1dVPb-Nn1I9MwuQvOnK_L7TMJu-bXs6PzWTYj-2IK8_FW5lvjP6ED_plnS7yL7_vxWBHj6g3xI_LFgPPv70Wb6G47o9BFiGP_fp0r6Ixk6_TJebPyod5T0szTU_KUjWPvYQGD6FzYK_a72Qvnn8r75_SyY_zGYevyCoKr-K0UG9QNL0OzxoWj3MzzK_NL6vPveBhT-h-Jq_dBmbPNGEB72p7Go_N3JTP_MjETzCwpQ_lfl8vnK5Mj98Qwi-Pzmhv12_0D6IR8g_j-9dP8dWjr_ule-_kL4Dv73TO75reDU_gCXHPjB2KD-O3F8_y8FWv2IzCj8p2mW_6255v4EdB7_JY1c_HDQTPo17Wr_Qr0S_Dl8xP9nrrj7z62u_IoWuvXnWPL-605W-UYGTvw8PaD-MiaW-kDqIv_ryCD-brBE_-99fP0XPxL-PYGc-z6FwPskWkz6eRuk8c6kDvxneOj8nM6m-HANVPzF8_z0v7H--EnZQPEjp9772FTO-dpidvc3tJT9E3H0-ok2NPpJaar8eSGO_BJndvJjHZj-E5XE-wsWOvcLXwL5w_G6-QiP9Ph2kiD1Wvh--WjwHvmZb5b6sdUC_9f0QwKw-UT7xl5c9GZc_vgnOzD_zqKW-Hg_ZP714Yb43Jo4_unpuPt6jcT7yNqq-pqjcvxiVK78FDO29iY_gPvz8oL755V--UIsJP_waDj-idYC9Er8NP9npG7wJHTQ_cE1Mv0iiB79np0u_nOQsP8cZvj1JNEU_qI6RvgQ7BT4aJvC-pH6uvvj8Cb5msC2_hlO6vqTcnj-Se2M_8XUQP2nbpT_d4RA_Fp0ZP31yNb8eoNa98keUP621IL7pCAe_x-w4PfL7yb4fP5I-aNO0vu7zBj4DIh-_zaW4PRSEHr_zX6M-VxujPsN_JT-o5N8-J4yKPuStWL4nq7Q_Xl-jvRxR3D4HKFY_c0-MPhl4Sj9AHSE_xnY7P05wqz2QRLu9uTm0vkMolL1ekIG_H3abP3mRU74dTak_D_GLvgGyUb8VJRc_UGviPv9ocD9eILq_m_dgvUgWND4WTQQ_jxaMP6UrhT8ELpM_LaxmvlFEZz7r5Py-cwesPZCOwD_PgTm-AL9yP62K-z6MWU--92C0v1YD7D45_vE-nNKAv1lF3D0a6rA_MvfGvn64jr74K4m_fQ3OP8Bd8j_aLUo99cEiPwF0WL6i-kw9IK8Pvl9WW7_WExG_VVpxvnFleT_JMAa_1IIHP1U_7bzT9oC8SkasvVg7Xb8G9jI_mq5EPjSNkT8cA4e_hbowP0j2JD5JtxQ_VSvuPkKYP7_wOU8_gmlaPz6Myz7Yd-s-YyQzP4nHVb-kKiG_J-Zhv5PybL50MYw9Jj-sPhT0sD7pPXy_j36XvrymHz6FKY6-SiKBv825_z46xMQ-T5tWP2poDL-mvnw-5m_NvjMM-77lRJE9ciLLPZ7oi78tL52_8wqVPvUlRz93UDq_SWqiPwMLuj9kGak-nrbgvlPLkL7kA6y_V4Z3vnC2uD7QJZc9pLV5PxGzy77DjqS_OF4ZQH_-lT6JgBo_r6n-vtbTnL_ysg4_xn_bPs7_iT_2H4w_musLvdEGMD5ggkC-PaiavsLzPj8t6OO-CGNGvr6xsz4GBo8-dCfsPmqpZT-3LRg-prW5vkPTgL7J-UI_1fGuvNv1g79GvTk_Nra7vVM7nT-9fAw-pmWBPtjpYD-PKWu-Ip17PpayZL85mzu_8btBv3YovD8yw2Y_ucXqvzskpr63Ohs-YkyoPSocYz-EhSW-h7LYPgrt2T-YmW-_VoS0v53XS7-Lq8G_mNaVP6dpDz-QgQ0-4iYtv6PdLD7eoBo_3ZVPPpUgbT73fmQ8PTfSPkCP7T8R-CA-54tpvMwk2j__9h4--cEjP_WdFD_P-92_sQ6Vv8LYhj2meK8_CxwhP_5nwr83Bs69YAqzv9ttgz9fs7M-rCVbPxL9Aj9xWbk_tYmAvxlnBT_lDNQ9eIAPv8g8K76bbpq-iYhkvkiJVbyEqba9VuQMPodHnz48Z1K-B421vdfE2b5JJKo-ZgYXP2lAvb8il5S-Z3ofwGtN_r4iLfQ-IlF3v3FhJr82vmg_n02PvvPbZT1aWdq-CbqmP7O0Ur4RwWG_5uR4P4BeBD_XlpO-7cJiv3fVfr6aQaO_vpX8PVChsD8LXei_2w-APlnnNj8EuZS-hwZJPzI00T654Ya_WjN9v3kEp7-eyR0_Uyd1P17ouj5Ab8M-JZgNP2VoaT855lC9a6ocP_WPPjy7S48_-1Yjvxy9z77NWBm_CQl6v_0ajj_EKmS-GitUvksL1r1m64M_U-__vhRKiL6feY6-nAcNvSLLKb9Y2Rs__wc4v5VE-L11EKA-KZurPwVnZ79CQeU-WigDP15sID5Xm4A_KSE_PgsdZr8MaWK_oe-pvpy-I79U150-Zu3ZPonssjxxss-_ABBcPyIWGb9T2d--Dbjdv12yOz8eEUG_p_8DP_Xmgb-6UIO_PyVSP7T9Mb_RA2-_u3o8Py2FgT4LtIS-ZDm4PmJF1jx2kIg9qB6rv2BYHT6JjwQ_ZmUZu2HkTz7JkeI9JkeGvoxoQb8am5M_mB1Gvkmlqj8xVKy9QqmMv7EjNT-T9n8_zTH2vubWy75SoGc_s3tiv3I5ED_j4iS-xLmUPf5WhL-wXjQ9iaAYPpngYz_mOra9tg1KPxpJcj5C89k9dmUxv_A2Ab8MfLU8HqhSv8pIjb45UFW_l19JvvwfrL_aZmw_UtAmPsImrT7Bh48_g-k3P9pgTj-z8Sq-FrExPzNpHj9dvANAbuhKvkUajjza5Q8__62SP7QKur8sKKw-dXsLP-i74D4A4HU_F-P6PmY0yb5sKzO-nNEKwPlNZb93pHO_OFmyv8mRSr7p92c_DasIv1lYx76xGLS-FgngPifGlr_EICHAiQOivcXDNj-oTwa-yQ63vt3TtL4J7WQ-D7_lPolFdL3zy2Y_L4ZoviKQ0T3Xfki-67dMv4MzEz5pKZS-gMJ-vtf0JD_Q6kI-0UqVPVRr0j1Lt2e_cGgMv5dMB79Yaw2_Do6BPXysxb4JEiU_cf5xv5FScr5cMHq_Gt6HP1YVAL-kRYy-XcI1vr3Ekj9JnJO-9dR9vxRqGz7pDg09_wkVvR77QL6D9Nm-f6E-P9E2z76ci_c_-gw9Ph2Ugj0RMkS_hmU-PhUgt724YEc_156CP394TLxm5p-_X5sUwFoGi7-_DbW-9TGGPnbvRL855Hw_zyrEvoypXD88-wE_KwP5vgWLjT8Qsy0_NledPkozOr-1T9S--SgLv5r5Lb-hBky_I54xvt7pdj42nTE_ps1fvmZG3Tzisnm_-bw6P8ZxnL6RQ1w-WuKruL734z67Sqe9gvCAvnI6HD4Mxwo_uYRAv1lxzT6Xemk_p_VuvvccVr7wvbu-8y4dP2liS78UO9U9omMEviqALb8OfZq_
文字列の算術演算は「+」のみ使用することができます。,EqF9Px08wj_PzkHA7dmAv43NY7ytXEO-FfDRvsxEyD1T88W_11hTv232sL-qwos_MyCQvhoZVz-7JfE-r9mPvxFPMr5_op6-S2crwDiSGT_rS6-_X-2QP40KqL9vXqC-4KoLQO1QK7813e-9QO5CP8l5vL70fBW_p5pAvm2Rfr9frPC_o2mjv8__hD17w6S_J1gmv3N07j4ISJO9knd0P9195z078Fe_N3GfvgcjfD9vJt8_2nMNP_AILD6hiZ68LRzmP4Mmj79AlEA95Sx2v8UFvD5lBn2_M4B-P--f4D7Tn0k-4DWDviOwBr9Tz9a-m40bPyvQoD_JpYa_x09sP3ueCz9nPZ2_w9Fqv8PS0j8GQTg_BYmCvtkwPz_ylDU_i_pTv5kHGT_v1oK-B6BcvsT6xL9IFK--KJ56vpjfML0_nUQ_sKXuvis25z_JzJQ_6xWdP7N3vD7dGgm9M0jHvdBtgD7sjJ4-WJ5DvohzGL4FqGQ_tcVDvZMVVr88MIY-3M-Pv3tRFT_f7Uu_K68cvwWuT79jHXa-NwnYP42pIj-Iy8U_F2j2viOUnD4YBW0_upPqv2fvDb4toIS_BboSQDJ-w7_6FcU-HQDiPsdoWL97AzY_f1LiPjNU6L2nlRU_qBJhvuNM6L6verg-b7RHP1N3sz3p_0s_75l8v_qdcD8_r00_tVwUwBlRRj9KiVe-m96jPlJGkL4SBMW9ZxqRPlbjOb8LtEO_qjw-PurS1r69WEY_bn4cv-fDcj-qdfi_gp8av6_My75Ht-A-Y6UJv64IkL2FaRi-JPUov-j2zD7hH7y-FgwhPexGLz_uLYW_YPLfPtQ3mD4vwrY8w9ZrP5erZj9XgqE_C36APp2O1D_dBta-6gtpv7ow3L7CpqI_2swRPy9jhr33fwjAC97qvtJKWb83c4w_N_HvPqcqUr9ih34-wyZIv4i1lr-Aj9K-76cwv0eorLzPXpg_-96oPB3r3754Yk0-eByivgdufT8aCZa_sAF1vs23r7_XwSI_iXghvwJhZb8e6cO-7XpPv-wuHr7fPoc_GAlWP9tZtr-CY_u-Zaw7vtJIgb8Hg_C8Ojq2v9887D5FVZC-H_0JPws2HT04DBm-Dw2UP_pbxT6KTaS--jndvoW37zwYLcQ_nqUCvpyrir6BuI2_X0aKvYod-73ev4W-5QLqvoDmqD7lJ08_MXxBvl6WAD-IVPK8fBA7Pm27cr4z092-i0UJwA-hyD776xo-Uho1v8U3KD8cQR4_A3ApQDG_Nj8g3CY_chmZPt9H1z1PlIQ_E-Zjv_jyLr9DFGO-iUCjvaKA6b4XLFQ9a6SPP2emZD-Lk9s-g0xavVOVKz9D4iw_4PBsvhzkHb_sW6C_iF1-P3DVUL-giNU9fxnpvkdOpL0el6m_KuTPPCLz0D6aaRG_MJewPn-XW7096us-jUftPeYQrD76mxO_Qpdsvmg2070qYeS-LWMovq_uer8QIXC-zdFuPqjBjL9SwhY_CqyHPTMF3z1TClK_Q4b4Poctj792z5c_r0p2P5cxUz_QXg4_CvMMP3rlrb4a1fk_2NHtvVqzQj9DZ_g_n2xYPHr1A7-1UKs-Y3CFPqeS3L7THoy73fi0vrxUxL4RAam_fdpjPvkFLj-hxgtAcFO1vk1QU7-1-Kk-gLKMP-3zvD53Mwu_reuLP6suZD87cGc_PCOGvYPMNz8E5DC978ibviB1fD674AXAuw8lvwjLpj9t1qc9e86eP8qqFD_A_sW8w6OHvwdlR78jf5c_9dupvxFqIj8tHsI_vOaFv68Rar1ephm_jz-SP9pCET_Vl3i_A047PmG7wr4rsWS_34BgP6jKb79HDy-_zy4cPr-FMz-oHkY9fI2qPr9J_r3TFxK_h2pAPpfDzT2C4_8-hZowP_A58z_jxdq-AhVQP_97K7-B-0Q_pXGRPsidqb-qaW6-izudPrPJsj4ocs8-fzA-Po5owz4vK3K_8joqPeuOnT_QoQ0_T-ecPrlYjD3zBfC--2o8vwDcZz_3_5s_g4RNvGnDAz_ZIqY_qMYJP3qWjr8PaZg9nBkNvYYlgT3CdLo-DOCGvqPugL-Nva-_F61AP7uRtT5qZwvAQ9RQP_MR2z-PowQ-mO4DP_p4WL7Abn2-i_Jbvq4rur43Vgc_MOHDP7v-4b5HJ_i_4jjuP3Noqb5zoEg-Tmmevop7ab9IFVC_4iUAPnSQSz8I9ic_mJu1PefxVL7TYsa-3zgRP5tuWD9nJSC_H6wKv2fG-bi6pAs_o0rZPliSuj9-1IM_Autrv-rPzj5jwOM-y8gPvzXMTr4nej8-xxk6P_Oo7T7m-Ag_qN1xPiX6GT9t_Ac-cxmNvHdXAb9kfbS_RXZEPlepnT-7hlo__V5Jv3_Z9b_KYgI-Y0VaP_uGej7P1eq-6a86vQunhz-sMRm_G6rKv-26Wb-37fm-qzTDP4wFLT7V_yg_2FZkv8gHUb4vZJ094favv4LcQD-TLU6_FxXNPsapqD-6dIo-yrvjvtPEfj9GQpS-OkvrPpK4pz_3SVS_28yLvlOExb6PBq8_aXIOvl4Mv76w4RO_c1CUv_DPvT4QJtG-_-YFP7pFbD6bmIU-FTWCvrBQYz8HxmC-i9-gv-IT3j4Hh58-4bQUv0SEmL8vZsY-k1CgP2eOZT8BlQa-ctmIvUv_ij5tdVS-rxN6P_IE-L5xHSi-ctw_v38ndb9pbSk_uvWRPiX3Rb8MFqo893GQvXtImj7tXMK_jfOaPxOQnL7JjaO-eppUP9c8jL6IdIG_mkd6vhNDfLyau-q_0Ii5PDqSTT_NwdK_nv-XPwsGxb49gck8Rzgmv_Br_L7yQU89xVNRPWWHdr9djHo_fxyJvuVvqr4ocwBA_1J0vxtKdj99Hz8-p589vlaKwz2Q7eA_KwPovIgQDj4_7mW_GxmPvxOcrj_LdkC_u3sYvy0-I785o7Y_QCiIvyf2-T5SKIA-3ePMPo6lqr94cA--p1IDv7u8PT8iBFu-C5N-Px243L59eM8-zpGCvyvMMz-3lsY-gHfoPkMgfr9nwOO_L3glvlIH9b6oRw-_wqArP1uBQb8oRd6_NckMv-eOKj8aKYG_IobDv8X9YT5C_bq9aOgRPsOlAb__NqG_N85ePyOV7r7lztG_gPVhP8Dl2D5_1qQ-dyHzPR82t76DC--8eNhPv-2Ixz7gDHA9BKYYvvXKqj83irS9OgcEvsmFyz1is64_cGxKv_KEmj_gPim-ZYC4vYsmPj-vmJs_sjgYv3OBc76dcLs_e129v4JEnz6oZRK_9BACvxQ1gr5PZLc873_Ev73HzT892SK-9QP0Pqqa5D5gM-G_f7NbPqUSh70f-3E_LyM7v3t9d77wp72_NwRlvTsR1b_79sa-rb7lPX9bAD6bQYG-YP1lP3QLyT_J2LM-vb3sPfcWyz-LsBJAasDHPjcFRb1Y1lc9Ssv9PrsfSr8mB5Q_HDsGQHCtiD8qzog-G-n1PUNY4z3J9a2-tbD4v0L6A8DLfJi-1r-EPiG2xT7jTeg_D1UTv0q2Pb-I0IS-Ut6Rvr-_074rQAq_7e1qPSBLpj8oHtA-aD5KP_fJQ71pEBO_Ouy-P-DEcb5ap1M_0J7SvS2doDzTQhO_GZ0TP7-2Hr2CZuy9v_QIPzMlKr8fcp8_7YS5Pj4sur7jupO-9-SkvpfOor2DH_c9VTx4v_fY1b4iQtY-qzOMvze6u7_y8WC_S7tCP2UPXj6JfZ88DaHGv2coQT6q7W2-ZtWQPm2_lbt7s2M_0mUkvuzyL7_a16c-A1tbP8939D7DLsU_ftM8PzeOvjwBs7g-qqCDvRVagb4zHN4-v1OcPxNcgL4NBcO__V7hv48bAL4qFvM-y6MjvRW1U7-v-ng_Dz3dPtMRXj-Qyg0_9lUBPyO0rz96b-k-Tyi_Pm_AiD5NfZI-Qa8Ov8UyR7_9ZE-_A2aMP6tpJTzgnnc94X6TPjiUbb67H8e-yzcgv2eY3b6aXga_buCXPofB7b5q4Aq--lULP_UNJz7LBtS946KmvyBdiT-vdyw_K_jDPmAFZT-A59a-cjA7Pm_IMb-4nRw-sPC0vpjkmb98Mom_
算術演算の前後のいずれかが文字列の場合、文字列として連結します。,1ORiP59VOT_V9jrA73c2vp6UT7_Stce-ACn3vpvYCz_NZr6_txT0vqxsq79ZrQU_NUWGvjUPXz_A-KE_5TKtv0ibIT_zeFA_5w8dwIDN-D2hp22_vD48P7fjer92Qeu-jtnEPoZgQj6rAnQ-fpeCPwybCb60Nea-jX4FP-LKGL_rbfi9StrxvqzOSD5RiX2_wh8GPzK20D1AfDw_PTrovdBWkT_0SaQ-Srkhv-XW4L7GRNY_1nZnO0xZ2j7c53C-4AzQP5B9K7_dq8C9ADI_P936hL5yibO_QB-SP_dNbz9iAYG-lclGv0yl8T6pDVm_wUUZP9MznD-UaR6_DuTVPy8lhT9AMF-_91CKv8wZoT-Jzoa-7_5qv-_Kaj-uMcw-9SnavaBZjz8jX---i4-8vRKzGr-22EO_EQFxvTGrNj3eApQ-7akVv85xvT8YWGk__pejP75pJL8PtrK-EquVPuv87r5WK7U-MfrLPOhiLD2RO9A9ZwaNPpsIcb4ddK4_au2Nv0sdqj91EhO__vkuvx1xaL-GFHi_IZLPP6bhjT_8_YU9sTyQvAl1F74A_bo-J8u2vyQeAr_ShRO_1nGsPz3LbL9rlCo9Y5cTP_e87L6G2jo_dreGPv6Bxb1xEKY-WIY2v4Vg0b5JAAC930lGP1FKEz-o73g_qx2Kv4FQ-z55XCo_czH0vxcxyr6GF5k-rQioPh0IST1gV6M-Y43_PnvJwr_JpSg-8_Kyvh-YLD_-Czo_s15ivyIOjj9d_sq_hy2NvjmDK7uR6zc-xLKpvtjqbr6xZcc9ii1ovxIk0743FHc-BqN2P9JjDz_fakS_R1GWPjLpFL_54zo_iD8HP3QSmT5xYoQ_UBkCPglYZT-rkkq_yGa4vtuIGr-aADI_Zr8SP4gpNT_1wTnAL_LaPV28mT2ItgE_BYQRPxA6YztCEik-BlJav6KZxDxz5t29ocFhvuFamr0OpII_MuqePjdHob6QUSw8wM4Pvz01Az_C3Za-PkqRPcQAYb_G0328VRKev7icab-EZ86-BjGLvyXvAT-7Ch8_A34XPSQMEb-ce1y9inYZP0ifML7xp0Q_A3Wav6OtoL2ph968Qz-dPqEKor6GpCG-EvGEvnv5Sr15XIo-_8G5vg8Bxj4bXHU_-sWLvvk1Y75S-gu_3Z2QP0BMV785mv0-tOWgPpsoFz6Ncd69-_fEPdNLQT5opS0-33LZPJ6Wlr-Tw_--aQSUv2SWR75AZ5g-yo8UvwEU9z-RVys_h-jkPwe4fL5CSuQ-4AaCvzZH9z5sRdE-4W_dvzmQAr9U8mU_WjzoPn0-_b5RPeW9d2nEP8Tsnz6Ua60-Ez6zP1wa-j6nf1q9_xobPiUDHb_YPo--PmiOPhQbLb-2qGQ_mxeSv73DAT6Ig4q_iuZvvrHewT7jg5U-Zbgdv2w_zD7-VB6-3e2vPs1vWD9lsxQ-zZaUPS-mPr9jSgq_We_5vkTcX7-KcZM-aa_vvb0-N74OTF0-x5_YPYnYML_VgOu_0kUaP0K7Pb_pfk4_uYXSPxnyJj8lHh2_cd1oP-Sjkj-Mq5M_QJM6PkuHfj9YEsU__twvv-zNQ77CN6i9FEQXP46Bc7_1rlc_-UC0vlVCVT04Tpu_sG6PPqMdkj6luow_p7RJv4Bj37_cYAu_WjiwPoSl2D3C56i_2BqbP8D5bT8X6go_qV3Wvp2CGb_YCDo_tT3nvsfRn72jLwnASizzO43Cqj8LShW-AjqOPl2atr5zWzM_0otcvacu6b5xKKY_Ypq-vhCxij-U8Iw_bz3-vozVI7sdD6S_r5eSP8tghT8hMBs-49ElPsqRSr4FRZ8-H_pGP__aZL7UXW-_BuiXvlQoUT5hMbC-AnkYP0hTML06XJK_iM5KPjaGAj8queQ9wTwBPs87QD9KbY07FljLvgCASL5YIlw-1KlAPlG2r79v0jM_IRL8Pp6sKj92pzs_ynqmPkqYBz_W2VC_Vph9vt4mfD-kDwy_ywlnPa_oWT68aBa_r710v6MwUj-wyxFAWvCKv9CZPr5Ei-M_epePP1nVTL9yi_A-H-BevqapBL7pUtA-a3EIv9Zk-r7uV-2_900Vv4voIj4KiVK_4b0zP0U8pz-vCvU-6lYSPz-8Qr8I6F2-s_kSPx1-DD_tnyY-_leQP1j5jb9iDgTAPA8QQFP9Lr-zGJc_kg3mvfS1pL3j55y-HBd5PrfxCT9iTJE_JwCYvkpNiz72cQu_L3n3Pr9WsD8B4i6__-Kev-6syr0g5Yw_d7g-voDFtT7Uyr8-YS5Jv4Sd7b0MEWE_t5cUvgJIlL9STH0-HfEKv7TMpD4wxbY8yD94vpTflD-lBD0_iMJkvRyUOb_KqiS_AwSuvmP3pz6ziQg_l6Vqv91GwL4Y6ra9M2ojPl-qbL2sPYE-CMBCP18eHD8rhVC_2Barv6gETL_fx6S_CnNHP5Ddtj7KPD8_C6kCv3EV4D6hqCw_UGHMv8nwlT2F3vm-Lo8BPjUsvz89Zmi-IdQ9v3d1hz9HxRi_ziADPnGEEj_566i_lOzmvc-94j5nNH8_2n1-vqH67bx0k0q_eG6gv21lGz8j2su-iuVTPcKsQL6zhik_z-1qPg4gfD8dfqI9H55gvwMDbD0rapG93OkhvtSk4L9fJNc-7niGP2TTYT9H8dQ-IQvIPr5HCz6LkPK9aud9Pre7wr5KgJq-G0ujv2a4lL7Q-08_REazPuuK-r53U7G_mUh-Pqr2pj5cFdi-OrqbP8vmXz331xu_eT5dvgNALT_fiIW-o9nNPjxJMb2AEBjACReCP6H6Hj_8RrS_GOvbvuecGz91O0W__pAKv5avDj9Zw3g9ZFeQvtL0AL87VcE9koQKPwNcJb8y3hE_XeMUv0QSSD9wTiW_OCeNP1O0m74p0Y0_cx30Pus5Gj1uuQs9T_WFvwJPtj_wF1i_PYFrv9_jlLuxPUk_MFxHv92kiT5ty4m-YvI5PwQJgb8AyBU-ION4v4g0Kr7jQ5O-pSdDP3EiT7696Hs_fkuLvQ1eSj81cDo_aXOUPwGo2r-kIaO_lhlSvsbEpzx17-S9pouHP7-1B79D6HG_QAcoP1iTdr9GlsC_TnBYPjidfj-8P5e_xlvMvgSgdL9mMA-_MXaIOgsGf7-TCuC_L868P3rXET81Hh8_V3IYPciDJz9Dj5w9TunUvsGRxj0W7cw-EOYavmFlkT8oZV0_X_BkvyyjPz9P5Lc_SYhEvzHElD9QPTg-O-5Gv_eJVD8MpdS-k2eHveXS7j4NAtQ_b8SKv1luMz-WaJm-YAGIv-v4Zry00AU-L0-4vuPPGz-zR8q-5ymIPoVNgD406KC_JSykvYDm_L53z3g_n2fNvkbZgLzQNlm_EOA5v7q-c78foDg9t7nEPuHrf73Ix2i_tKP-PstSkT8p3Ak_0mVUvgnylD9uQOY_X_Q6v0quZT8gWNE9lLISP48Phb-MYjI_YbyhP4XTKj81f9U-H389v5Ket707ggg_y-W1v18c7L-mIWK_bZcBPzfJmr66BZM_I6Vdv5IbFL9ZW1I-ulnOvhrO8r3wp7a_NqOCvgiYkT-d_Ew_kiy0PQC8yb_3wgk8TA2pP4ThUj99Qq8-K1aVvWNT3j4S8s6-8mFRvsgmIL8Ixt--30Y1vimMxb7nzL-923DTvYof0z5Ip7S-JQcVvzjtJr9SMEe_ZWV9vvuD4D1rlwA_ErstvygDHL5XEoO_d6UTPEC_Er_LJiw-yCMDv7o-nD-1Oos-RiK1vjdaTL_vGUU9keBAP0_nAz-Pwwe_WsgvPyFoN72yiNk_Q8hVPkcqjD_K0Jk8AGkVv3mc4b53PqY-s8jiPo1Dgb8Y162_bnK-v32YN7_Bo48-EKgLPh0Snb7ON1w_oZDDvKUBAD_1Kwa_Fa9ovp1END8HiKM-hbj_PkZ85r74o9Y-60n1vZRDvb7Mbgu_t2NcPs8NLT7aEbq9JwS5P2GnSz6SJK6-0FoZPmC1bb523Om-xuHkvoj1Hb83WjQ-AE6UPaCDOz4my6U-W3uQv2FHKD9jQ2k_ngwnPaMqbj9fX9C9XXyiviWKHr8fUaI9lESGPwCH3b5Rho-_
数値の比較演算は、「=」、「!=」、「>」、「>=」、「<=」、「<」で指定します。,JivQPsNlDj-1ZzzASdARvlhPAD_BgmS_RY9ePF9oAbwuVZG_1ZGtv-EX2b-bodM_l79_v41VeT-ymIg_PRXRv_JY6jzDaY-_C0q-v_20Hz9Mdiq_61aPP76BV7-XpI2_kJHQP_IDNT-uI4y9yrvqP7E1hT68Eo--zQTzvlHeyb_lZg2_l76Kvzp-bL_m2za_k4Gxvm6HPz8QKmQ_njIpO5YIlD4dxgO9g2F5vK-NrT766K4_F4smvyy6pT8pp1Q_nqgrQNLZw76gL7W_H95Yv5MBhD8bwti_BOj3P28vjT9xxhS_BRgpvh4AK79O9FG_y4kJP3CrWT-Iiby-JxavP_m7CD8k8D2_I8-xv-6mNj-Lhfu-j6g7PX3Mdz-S2oO-reb3PmEijD8pzf--f-qJvwOIor-C-Ga7b-FRv8jrPz4eyBw-krTuvrikIkBv7hg_XT8cQAuQ_z4wtOA98ooxvSmTQ7_-NjY_3ZsUPhODj79giiQ_XwCHvWahI7_ou7I-lbM4vb6Lzj-Y3ik-67uoPgyTTL5uMBm-QLPVPmRUpL7rvr4-dAyFPlP9bD54Nf0-J-Ysv2ud0r-ac2s-9H7bP0C-jb6nl8G9b4MpP9M0JT5cjom-CLAXP98PCr5hyZO-fFX7Ps_aBb4CIPC-VUeBPwL2Ij5xRSQ_q6mxvxNhdD9qNYc_ndwcwKMKQL_Wp388cpRZP79JnLxjnJK_T7z4PuGMAL7YP9C_sZezvgK3Jb6nMum8ArllvqBOBz_7mae_3h2cPrVSYr7sjKE-FqqNvZc9ZL4VAZA9tF0Yv2gNHL9Wnmo-iZuiP5Lihz_1MgW_-fVFvvN8jT_9UCY-qrcBP_3_jz8YBoM_A7CSv1zsJ77QDQk_SsaFvxB6Lb1_jH8_MyrAPXIeYT4CIxzAJg2svoTNp76S28s-pPW3PsyfCL_lZVK-skx6v6Fcm70ZQP88rmqgPYx4Nj6xSzA_h1kCP9m9I7_PhdW-UrdEP_IwGT89tf88HLiyPlVUFL_yBAI7XjWAvgCKKr5ms02_E-cSv9UOMz_k8nA_yowDP6DbQL_3ZFa_kt4HP461Qr-X4k-_Ik1Jv09wvD4uYxI9uxCpPgChX78jmKc-YWTpPhBNF79Rt8a-A0xCPqgZLT7Fu569u8i3Pl18HL-Z8Rq_EhPxPqR5xT70S26-D6zTP5ftQ7_gAos_hMk5P1p3dL6n1QE-i1rNO8NDOz7IZZa9lrQPwLw5Jz8kiWE_xisVPftEgz_6eh8_CIv8P7X9XT7wsEs_-fG-PoRuHj84Nxg_EaIvvolyw799h5E_3KXNvhTVg78yyym_LvpNP1gDFb7Cj6Q-x28sPwhYXD8XbTo_ZBwYvxouZL6infS_ZSdXP-ObLr_dtqs9kMtGv-uXBr5hWj2_77NCv4h7Rb-mqTm_F3JcvyS0zT5TK-k8z-JJP2SsBL4U-9w-nAg8PxWAIT-AHp6-fxGRPy5yU79P6Tw_ngBpPUwKqL6SrnQ_XDHAvqGGPb_06U8-EVG3vtaxtL7kKW8_F7YnP5jlzj5YtSs_aVKBvnbb9D505i5AKWHTvUrMjT_vaew_dtcev6TJHT1PwA2-pDgxP9110D56bQS_b_0Xv32lJL9JkAe_yNq3PwtUST_F9rQ_AcKaPkA2hr8SJHg-L5NNPtFGID9sw5C_k78oP5rNwj7rKSk_tSXRPjXJqL7E2ow-cm62v4uTGz7avdm_0UoevNPE4j-sCzG_xW9LP-u0cr41fTK-fbYNvyYwbT6AisI-2WT7viUoyr6zhlI_ikMsvzmTHD5vxKA9oHkEQJeRfD9FF94-dNRyP5tAVr_CCZo-yNzAPvnhdj6gOji_JS65PpIkuT-D5ai-WKgsPy_MRL-ua-a-K5YPv9O8X77Gnmq-yF3WP7qZbD-EIHU-WGNGP4AcDj9DtzU-BMcIP7Oirr6RIs6-jYLsvLpbEz8Irli9WBeivhejAb-e-nq_vhFuvoL6Ej_mdMC9wWhyPxyYIz3h9nK_xQFgv8iPQj9aOb2-I5cjvwgVoj7vd4A_NWT3Pvo18r7MCsQ_wUITPu9hsjzzXAU_KxvjvmCBsb_t5Y2_idgPvz3jfz7TtrW_CrYkP9KSiD_kmpg-VmCeP-X3b792kj2_HQ35vpOfHL7RnVw8ZxmEvkyjwr6X_2O_M7lBQEmkDr88vyO-i-hPvCuJr79PQ6I-LFKIPwycoj9hM20_Hry5PJTIWzyEU7a-tsg4Pylw7j_84rC-9p4zvvSSQr_f2-I97aL3Pg4xIz-Imxk_ia8pwPw-NT-4ZyE_idHkPSq1Ij1GuAa_sbqwPoLol70u25g-h2nRPn39Wb5hs-O-5o4eP-S6Qr9JWEe_KAh5vRZtgD9Rhlg-thnev1ENdb_z1MG-VmQAv2_RTT_3sA8_3-GXP1hoqT_K_n2_NbG8u6t_nr7z_nG_7WnFPy6Dpj7FlO2-l-nOvoMKR750D2o-xHCSv3Tg0jyVLU-_c_KOP6gG5T9hl1O_rPhIvpPHtj_9M8498aCQPlc1iL5TVqq_6GiAP1aU7D461ag_xIG8vmY7eb86yvC8yBCtv_ded709zsk-i4A6P9j9a74eFb0_6EI-PV0Unj4LOpA-Gwl7PlbJGL41B049L3vNvj1fTb9IjgY_tMeXP3qoRz7YzIi9aIZNvxxAGD4zABA_60-wPmTOlL_Wgki-CwCnvzqFnb44lIc-zsnQvpwUib3rfGW956Qsv69Ttb3X8NK_GcYzP_KyyD5WC5-_aN4JP2e3eT8gfYG_4emXvfUJPb_16ZS_HQ8rvw8trz1my8-_Alw7P95AgL7O_qA-mGmNPW7AvL6qurq-9ObvvqJ7zz2CQ2Y_1v5SP5-ZMz1Lt4M_sg2wv98L8z-sSAU_r2k_vr1s3j6HElQ_kqrdvz5PJb6ANcq-6x4Yv0801j9l3mk-Lu3yvoL35r4OZj0_UQgpvrfB-700oKM8AJMAvj0XE7_F0Ru-7xRAv3TY974L9HE-oBV-P2sWzL61-Lo-ZEaBP8W1Nz6SYJO8N5uPv6eEm798qkC-yGJLPLXhhb_oiaQ-i_OrPrzVob6SJ8m_fYMaPmEAKD_DZdW-nc0-v84lyj_Ii1q-5EE8P2gdWj1t2m6_RpxqP2byH78lhIq_nQNQPxiAwz0tk9i-waorP5UGK78X30s-2kSFvz8WdL_j4yS_TOF5PmGupj8TN5g-0cw7vTTuJL-Ii6I_7371vm9Awr37fUC_GH6Evdg2fb357GE_kMSjPm3QvD44vwk_ILxzv-azuz-8zFG_Uxwdv1fNEL__woS9rj-Iv6tQqj-duye_h9eVP0-J1D6ZVoy_XwW5vj2sgb-mMBo_GFWTv3ZGq76l4py_98y4Po5uAMDKPxQ_LmoNP7cM7b43YT2_fVlvPxbqlD9PIWg_GbzqPCtmiz8LEso_OiAsvwwxnj2g3bM-gnUePtiQBL-VDcI__oqNP6YY-r2CGWY_WMnGPj6lIr-Ssfc9SAeqvyoxq7_rFz2_KcTUPgB5yb4cYsA-PAMkPglc-zyXdbW-L_Mjv1gn774CdFu_ZNcsvqrIKj8bgoo9_VY5vsTYi77oDv-6v5IVP17Pgj89zFE_g8SdPi8Gcz3rYWU_l9O3vjn-iD2jnDo-EO1HP-TpUz-8NU8_kz-PPV-hKb8AW7S_GswZv7c93r7y6Uy-91zuv5C1Mz6DOxI-tEYVv5-Njr6ahHK_2sTEvrp_yL4fpNK-8jXCvJGJQD-Ru4S9z6-dPkhiH79rNMc-gs1JPq-4Y78DhKk-wB-mPWF0bL_TC7Y_ezUbvcnlVT9tHCM-8xHivVAWxD6k6ak-cuZbP_0oz73D--G_VvBjv3ubPL_WnVO_HigEPxdVL7-pDYk-LqxBPixG0r1-sAg-sg8Nv0_tkD_LmII_9ZUSvv1kRL6ABI2-_ZMGvwkSEL8lmfy_XUqvPsVraT9aNcO-dOWeP8sp4779REK_2OKvPsOrDz-QKu6_ciZLv8IQLD5rs-W-BgB6P3Z5Rj8zFAY_jdiBvxWbrL2MJpw_2Zu7PfPBjj1y4im_sIlnvyfg4b5auTa8QuYDv2S5M7-O-ZO_
比較演算の結果は、真か偽の値となります。,bjQkP-AF2j6fGB7AjCaEPzindr4Gx_Y-K4YKvkuxSD_O58a_uswKPh3Dor93k4U-y2X-vth_wD4jrGQ_8l-Fv-DDZjwoVwi_X9bwvwMRTD_Yt0m_koWmPufsOL-BPwW_Zz2qP8aPsL7QYys_T0DCP3wCwL0-Y4y_6BjRPmjweL8yJCa_Bq30Pbhpv72-SE6_BkbZvQ6icD9rmXc_bjo7PUgMCD7_R7q-4jkSvyc3tT5eeqU-wyUjvuAerT-fcds-wZgJQM8zkz1OO5W_o8wXvwOcBj8JsAa_mGPJP5N0Xz9hkiW_4Og4P7a_wb2qiAnA2pBtP8X8BD8EaME9BqSwPyKRBD53OIW___B9vze-Gj82RPa9iM-Cvp2gmT_ChYc-8soxPz7HmT9wOc--7zaWvziNrL_6dwC_zY2Rv4vmqTzkXoU-Y6ioPtCM9T-gOV0_5zurP58xFz_uncw-jC8iPwR1Mr8epqO8ZoqOP9DoU7_DOGI_UoenvjRZnr_5MR0-Gn-lv_P2xz-jhhy-uK3LPgKiJb8IvQg_hlMDP0Mkez6W46A_Gv64vrepkz53NYg_RDGnvtVUnb_c1Ie-RpZfP9w8Tb_IJOE-r3dOP2wV876e9MC79MakvpHRmz57T0w_kG_FvjbDcr2sWaE99CSiP87Doz2fFoQ_jHmLvw1eHj9b2NA_OvALwMdM3L6ww6k8EA2qPxGdJr_jYje_C_jHPrSjLb8w42y_7kGHvpo3gL4-R2U9vz1Mv_7QVT_WTsm_uqIBPtqOPT7619k-pxAxv6Qus75RmY-9XE8Nv0P49z0Lh6m9MtKCPt03iz_YSoa_-HLXvJ_UGz8s3tS9GxtJP_BXvD-Bb6I_M7Vyv5oZCj_go10-GlvXv2MPh7-WOF4_DyTBPlafED_opd-_PoBiPfyddL5oS0A_lsw1Pxj1HL1KYUK_GJpgvjY5m7yQEje-WzF_vrxpHb4OdrI-07HXPmCYYL7rltK-_IsEPqpBRz9c3si-FC4Avz-lGb47STS9E8Vxv9OYwb5DhEa_dmltPiCahz8cV4g_Y6BGP4YfrL4q2Ti_VuEhPwBOTryQFCy_2BSmvw7KNT-fd_m9dP0Wv6NJIb_Cwik_B_4hvhxCFr9mF748xPHcvlyAnz7wtoc_D0EsP_FFAb9cHyW-RJp4P9MD9b3-lPK9Yo-cP_hq2zw6AOA-pmyvPjOvBb_MGxS-k8FJP16rVTx2A18-KJfdv9BX_z4qmaQ_Uj5Ev2iKhD8eUGA9rjUPQCA8M70MQww_QNb3PkAi0T7mc-k-sPYTPk5-jb_ROZ0-WPs7Pzi6mb_3BA6_A4_5PpQnaL_sWOE-jEegPsShGj8o0Y-8Gg0nv0s_g76DSvK-Du_1PsDCib_vCIk-SMacv04FZ71MBYC-Hhirv5-4Gj4ZFZe_bORDv8rCHj8_oVo-U08zP8YvRr46M5M-3mOIP-CuGj42Vuy-Xo7RPrCLPb8wetE-tgEVP_SefL-vPkM9_o7Dvg6hqr_atmE_6OiDPshbj78mwUU_xroBP2uNcj-z7sw-Zr2rvhs4rT5Qjfc_3MiOvftweT-88fw_wnEdviD3ub7sTIq-LpaaPywoIT4UHWC_H-AGv_hSJb-GXVO_CmjBP4NAgD_E_q0_tWaBPtMF3b9nEq2-stuTP-TvWD8nPAe_nFwrP340x77mil4_WI95PwRNGj-_vMA-q-_6vjpDsD7sB_W_VK2CP-itvj-yr4K_-hipP0c1Cj9E6-W-ZHE5v8rPy73-9hw_eOF0vze7UTxf3F4_jleDv9t4BD-MSz-_ONbOP4P6cz_45yo94IYrPxPrPb_wsQg-Y7NbP7Di7b7g2xC_I1juPsIPgj_Ko4C-Fo4vP-ISqb70HJe-MdwIPwvlXr7bnze9f_DXPyYNDT-2NY2_i4ASP2S1ij3c5Kk-n2chv7QzIb8cR5E--8b1vtu_9L27OIa7XikMPSxzzz769o2_4ytQvaBZ7T6qVlg-IAYwP6dHtT52Fwu91scFv7IbOz8UxCU_l67UvjXDIz8Ei10_CxvTvkGplb_PPgE_61I7P253aL6G6fc-l1LLvXz2wb-DXsa_qrpFvjPY9T78rKu_wMwKPuZkFb5BmJo_bqWkvcg3O79Wl2y7alLrvpCNuzwh0oO-LsH5Ps8q8r7qkQ-_5PUKQMYfDr_ztLS-dqV-P0OGdb-nIU2_UjeUP3qYED-8fB0_vqyIvVNyDT_M7zG_VCgUPlJ8nz8W9_E9_g1_vxsiYD5bsn4_6NTlPkbxCz7bodQ-AHTevyg5ST-nOUW_dZadvYQTbz7CaQa_zgaKPnL1Uj63lOM-RMfFPuNBVL2gYBm_gE_KPOhxKr4iOiu-6AyevoSShT5Xs4I-nPvHvwDbh7-mNSU-dwKMviMmmr5JKoQ-TNyiP_ZqhT-TiZS_c1kXviKPJD6SSEW_qKiiP7TE6j76Af2-2ETbvmhRgz5S13u_gryUv_51u74694u-8vClP0rU7T8o3hK_D5SGvtK4iD-4THQ_-9kuvjKxSb6idpC_ST0RP8pSgb5-36A__pT5vkyEFr4WVNS-qPjEv5vEIT-63gq-RC8hP6su4b1AXdc_EkJHPQuxwD4g7VY-a-NYPhsOBL5tdJC9FU4CvsMLcr87On8_uEWXP7jO9T4wBTs-Wi8Evzp1JD9f06A-si2rP7ZqUL-M3ZO-ko5nv__cWj0gJ949vp7CvT5BrL64kV49_-Qjv5J90r6H6W2_Br5HPjhZFD9eXdW9lwQlP2wfVD5DB1O_4O1APg6zk75r4su_RKMPv1Lnjz_Hrau_oiyVP4C2v77Gcmc_IgpGvgv1tz5LLWy_eHyhvntPEr_B_4M_JxCuPgCnG7_uJVo_4PSIvwFLlD_3fCY_9u2JP0u-cr5uUz4_TJsVvtNqS78-738-7_Afvz-e2z75S5Y-h9bHvlLtjL_TJpU_sk2Cv179mryI_Ls-IEq5vpINHb9bz4c-VUeTvg5Uxr4jtgi_Pqp4P6LmN79AcOw-C93sPqbEET8DG2c_auhzvj9InL-eaV6_VsDZv0Adlb9_Kzg96MW5Ppqlcj6qQGK_KED2Pqg5-b2IAK--5hY3v6ZBmT-gW7Y-FvRhPtKb7b7Dfle_A5s8P97_I79I3Qi_zgUOP0fXBj-24te-CEZmPgYG2r365Zg-Guxfv2G6j75GJFG_UChiPRAaMT8-2w-_z0wlP_95rb4KL0s_-2nJPVnljD7ujA-_EzpNvh6oMz9W8s0-uTOIvvOC5T6g2lI_f3s-vxvtYj53GEW_JG1ovxaQlb9aKkc-KPOKv2M7mD9sDP49kyVzPZjsA7-sdKO_N_q7vqNBAr_Ykic__lIWv8AyAr_j1H2_g0UwP54BO78aspU-yy1QPzDxwr4P4CO_KnaQP_AxrT9C_Y697vtUP6P9QD8fSrw_CI5dvsuSA77rz7-8HgESP4C8Dr-3t08_zL2ZP0xtGb4a89Q-rwvcvvSJD79y4he_m1zcvwSVs797THm_GA08v64b7D5DtCo_DBMDPSyZAj5DEAO_wJx5v8vx1b1z5Uy__6MEPovH2D5Wpzu_WjgovyOSizx4SDS_0PWgPlCr9T4M2z8_S0jBPSI2Jr5MmCO9-ycPPvblZ77I4co-6JsJPBs6_r4Q5ak_O4HkPuFljr58kNm_UrN_v_DINT52Vc6-urUtv17W8b7Ld1O-2rEGv9ydqj7m32S-U_W4PjhD9L4V5By-dsRCv_SOFj-Lkza-svoMv64nzDz0ykY_25gAP25rOL4TJbu-i8WavbcFTL9sshVAWXOEvi6Mlz7yjoW9mPVVPnvDBr32Vh2-jO7DP8t8ur1UZsW_80nLv8u-vL9I6V492o4cvlIYgb-qI6U-Dye2PlCxTD4Lmm0-lraRv9uAKz40_o0_8-UUv9K1JL8A0EE4rhwoP7Kzrr88WYe_Iz7_PoCnsT8bT8A-0kB3P4bT3L76Lq2-jMRgP-vmrr76Dou_B6NjPpZ6mD4eYpe-SButP7wP0T6Tmyu8ZL65v5RQu7wepGw_d1x2vq5cID9uNzC_omhUvR0EB7-zf66-awbdPnzZjb8KCqW_
文字列の比較演算は、「=」、「!=」を利用することができます。「=」は、左辺と右辺が同じ文字列の場合に真となり、それ以外の場合は偽となります。「!=」は、左辺と右辺が異なる文字列の場合に真となり、それ以外の場合（同じ文字列の場合）は偽となります。,anGkPhUgtD-TjELALQu1vqzQvT23Lgq__yQ7PoHfpT8d5Ze_IpIfv2xImb-PChI_mXVkv37LWD_gYmQ_Qrefv6cGoT71ulG-sR_zv14l4T7nZvO_X9KIP0JgNr8XehW_deGbP3R9nL1_aEq_PNONPwj8yr78p1e_HzGvvgkgKr8H44O-Tknyvv8bO74P4ma_ZJy1vgmk9j5FyqY-u6gVPi1LLD8u76i9w60FvzurGD8dQaI_1bTLvrrwTD-lc78-MAEUQFklxL3c_Qi_RmIKvwuMIz-YVV69hIclQBsdkz-zxB-__pXlvTd1Fr9plKu_EcaLP7JRXz95-1-_Z7gPQG0-Fz-5rAm-2DJ1vwXzbj87CpK8GhjwvltJZD_qcsy8wHIvP_SdhT92yZK_yHi2vjDhLr8hywa_f7Y8v9lslj5ikoQ-cbUCv-jDF0CCEqw_4ef_P-CRbz51fPK9tMhtvSGJHb_RmJ0_VeqTP_meOb84Udk-RCk1vgOKOb9ke6s-7tGfvj63kj_ajk69FQdmPt2yob-cBem-zCHVPhSUCz-uUV8_WQAPv1pfLL2UnSg_ZByDv3KgF7_GxbE-WN3mP5RHmL9g8v89DkGMP3XnEb--vv49cpcrP3ghBLyzK5M_d6h7PtMYJb9oYiG-206cP0pLEb_w57I-JU8fv9ufjD4l1zg_KcILwOZNBb-rlVk-3gUYP5b1GD054IK_0v3-PrmJqb8VNaC-4t86vpGXZL7nJuO9CfJwv1IpGD_kEKK_wj8DvynqD773XLK-lS4OvxSAEb-6Pso-LABxvxucRT0Fx7c81o9iP6u8Pj-yqAa_-D6_vpfdnD6zN7E-hwFGP7J5MT9K8GU_hLQ7v7HOtz72avA-HRmivsLVlr-BWD0_zjS6PJMhHD_A0R7AkW1PvamYC7_K_2Y_8Iu8PabkV76yi7C-i3Tdvo9XCr9KqEU-nfOsPueR3D3yQ1k_unRyvsfgz77VZTc9XlQYPvdQ9j70Xh6_jyAuv8pkTr9DmEE--UbAvmZlQ78poVO_WPyovnUzyj2-R5c_Lc7nPq_wPr_XB26_e_0wPxUwa7_k-BG_kR-Uv-yg6z6h-am-DYvDPiL50r5V5-U-35CZPoPhvL5fuli-oVOvvmCj1r3CGKU_dVwvPR2-9b79LRW_WtAHP2HlED3RMeC-U55GPzEk876PjwI_ZTqVPUhbRL-LjPA7fyNCPkI3z75eEOO-NZL4v_zVXj4Z5cE_INk-v9FACT9hFeU-HxQPQMkj6b4BJew-3D8fPiHj3D6FzNc-gyrUvlZrbb98Qmc_N2kfvnM_mL_i8bm-7WJfPyUKrD63Uws_HbOJP-5hAD-6x_k-ja6WPoOq4r5WtQK_j9E5PylRPL8NEIg-G3Tlv48wED8ddPu-4SI5v_kV2r4R7mi_37jivnrYUT4IU5O85omCPieTkzzcHyq-Ug6oPTwBbr0kmhK_zOEnP_-_JL9wOhE-orseP8OeZ78JxKU_y-y6vhJuHr-5-J2-7cZkPilkQL-buQE_ccNwP3Droj7AV40_LvsuvqHQAz-BvCpAytYIvqWEhT-hWNs_lDCNvv7LTb9IHJs9mrrbPi1tID_c-QI-yD_TPlO5bL_0K4W_8Yn5PtFkPj8ngNA_ydkQPlKzz7-3JVG-Jqv1Pq2YG73pOQi_nYSCPzAsbT6DKk4_m-WVPpeuLL5O4Og9ojUWv-IyJ77wJQTATzeLPziH8j8PpQm_gUy8PvaioD4T0m0-7fs9v4eGjjsVbiU_3v0fv60dW752ARk_RB6CvmoWj75wiAW_sxniPwGhUD9CqsA9ds0yP7HsVz25cRE-JcBcPuxVFb-4BUa_VggZPxnthD_UL_c-oXZTP534hr5WMym_nmNpvp2jt75aIsw-ZxqYP3cysD1m-Cm_MSi_P8Zjvj4_ths9jwRNPjULrr_g0ok8CQAZPl6diz9QQCk_vLx3vEpzlT2Z24y_1mhFvgk9ij-Vu7C-qQYaP_8fpr7LnEu_IBDEvvRtOz_RpZI_5vZVvsvpN73joJw_ZOvZPk01kb9QzK0-vqi8PmnqfT4ZHIk_D6sZv_UEYL_jab2_nxRTvhxR5T6TGtO_6NNVPr0kjD9rxWg_GY1-Pz-jc78AEwm_mV4bvuAxpz3EVto-fSr7PlgXRL8NsEu_XDodQPYeo712zDS-a-kRP-hJX7_5cie-f7C5PzNfiT64_00_4sPOvhksYb6sdIC-gOrhPVcknj-pQsU-0obIvqP7Rz79rZU_pSi7Pr232D6P_6Q-HzIUwJFGCT9UGWI90lUQv0dOXL_OsjW_KGuUPd9NuD40a8-8f4WoPlZcHz_zJ2-9Iel-vf0xq76Fq16_ymzxvgKkMT9VOoU-0RKyv7SOpr9_m4C9P6CfPk_FTj5ERwA_liw_P27vtD-BeXS_RM_AvhOQEr8ZKkq_qfxZP0BX0b4_5AQ_OnNPv8qONb8liI--gQ-Xv5ZvIL1nyoG_gUAyP8hZyD_HDgG_CfoOv9qtuT-HicS-aCCvPhN1sz7ouM2_2bqLPz6_OL5wDzo_2wF9vH0Cqr63JIa-8DCHv3Li2j444_a-IVerPv-5nr2fYYM_KC2sPXxxEj4R1LG-_tKCvS0xmz2v9Js7yrkaPGJ-vr639NA-d6bHP1AxWT_e1ik_ESYnvdC57z50PcE8K_sOP0byRb866Zu9J3tWv01Ijb4mDBI_9Gm0Pkcs0T7YrGO_AEv2vs7mZz5U6XG_OFQNP9LPEj64l56-T8XhPuAgGj_yTIe_mvVvPs5eA78IYQHAJxCDvougVz9waqy_laKaP6JPmL0QiHk-IYVlvn9qlT6bq4o9p4jWvjjqCr-JJoo_EoYFvoHr5L3xFrA_2WmIv-7zoT_xOle-BLXUPokYpb5ScJU_w-1tvTMcgz0Uiny-GXhyvwDNpT8GGPW-m2FPv4d4Hr_6na4_ThiKv7MhJ78Hxw68xJnrvQEiVL9Ie8y86eMWv7z4RL5Zy3q8YDozP_zj9b6DJ-8-ch0fP9vuND5UNY0_asGkvpWJyr9Wsq6_n5pNv3ZJKL8sHuG9J9zVPj0yFb5mhr6_9Zl1Pg0Y1r1wyLy-X9Lhvf93Hz_M9nm-AQq4PofXDL8FkW6_i_ClPVAhxb5kK4K_s0EXPzuLMD8kxJ6-cstqvqYXfb-5F1k-IZ7Yvh9Tjr1-hrM9BrZKv6GMlD9YSUY9DmK8vp1GHj8TC50_EQYMvy0uqz5A8Ti_UgYpv4SBnD4PZoU_SiJcviWWAT8MoLc_6CYcv0j2jj8-NAy_nXEav3D2q76jYaU-xRQsvz_VsD_WGMy9rMwQPqegWD9rrgjAXhKZviMJEL-2M5c-skkkv6GGHL4h_26_n5OEPY6kzr9o0FE-MS7BPLVHGL-kkKW-LG1hP7kClT8_hRc_SlLTPvrajT--JRJAVhOCvhuoxz0jW7M97b3jvouX4L5_R5U_mAHJP7TSWj1SnuY-sfn8vqHTu74frKm9-CyFv_7k3r8XhG2_sbD3PiAewz4XH3Q_HYqkvfO7Ur6LMba-OXaUv76eLD0DCpG___BJvPBZcz_5j9I9ZnICv4Zfg75Uvp--OqPsPq6OIj8QmYE_BLliPkoTOD6xhD49hX-nPqOuqT1ZTdE-je_dPjeypL6sxYs_aUvtPmacOL9SCo6_BZtsvgzRNr32tp878_pOvwnXhb45Fww_HbESv_tpnT1AMae_Vn6mvWPaF7-y6lm8A2OQv_BYDD-hE54-RXaVPXjACL8iMjU_Bar3Pm1iib-HEWo-dqxIPj6kl77WAag_kM5SPnnLMD9dLp48oh1gvsQaxD2s7qQ9nKigP1jRz76R3ei_PsCcv5UmsL_e7D4-avcxP8Y7Pb_VP2E9KdwIPwiXDL6xsw-9dbH0vmB-uz_3sk4_5sRbvi_5Zj6LlgY-VW3cvq-zP795EJS_zW6JP6-IJT8QeLY80OIzPzOZc79-0Ke-9Z5nPVDCib67dIa_Pth5vvKsCz8fs6K9_CzaPuVDVT9wy4c-xLS3v5ttcj-LeoE_BXOpPndyRz9_7QS-4IA8v8JFZb8MINS-WErxPgsaeb9zA3W_
論理演算は、真か偽を返す式に対する演算で、「and」、「or」、「not」の演算子で指定します。「not」、「and」、「or」の順で、同一の演算子の場合は左が優先されますが、丸括弧「(」と「)」で、演算の順序を指定することができます。,UddHPxePmT8BKUvAx0qbPmamDL_AyHY-a_ZWP--1XD8s4sa_95YVv5ftDMA2uz2-FVgqv4yMkz_qnxM_GeSQv5KH2Dz6AOg9tLkRwLNQqz9OJIu-StIsP3kVvb5lmPu-2EHnvWX_E76fBCI-jpiEPxmdGz_ZDd-_K24BPwOwNr9Fh6O-lvDivobxKDxTKsi_fhl0P9_B1D76WEo_Us9VPvufDr256aG-TJSXPvbqyz5Ia4M_AwarvlsIb765QSc_FukjQMCphr4gOJS_7SJIPr4Etz45v4C_-7_zP1prmT992Le67tXBPmBSkD6liJW_SFjXPhmngD9p7Iq_svaVP2RLkT-wklq98RSpv5SdFT_kdgg_IGzyvttYvT_TmSU_nucYP-_rQD9K-ki_80lPv4_dLL99Xru9oViCvhJVE77l7hY_MVCBvzMe1j_m72c_5Li7P_cLjj0AOHq9Dp_5PvjU_76EfXQ_ZQ01P5l0gb6AKug-dapjPbEwSr82dqA-VsK6vnro7j-jyYI92RlTvh8zlb-Hwge_o-g_PtUppj8uHpg9LRGhvgGvI76Wxcw_fy0Lv0orG78raSy_UHaTPziZB7_8zyg90h6aPzS6ML-htJg-STnCveZx3b5TvJS-J7C9PlKb3b5RgD6-zJlwP8vbiT6tt4A_Nf4Av7nzsL7Zhw4-hJALwHJ3rLu4Bsk-FI_9vB3sXb5t06y_UXf1Po78W7-u7TG_xXhIPTsdIT5TlRc_hhcqP4OXmj9uvQTADzqLvsXm4r7Of-I-d4JZvyve774ti9I-CuDNvkyrg70CbBc9hUwrPQENhD9aoPW-NjjNvV657j5Kpns_TN2gP7N-NT3pLqA_WMTyvhzICT7b584-bi2Zv1U7jL6BxSI_aRrPvUbzJT9s6j3A2xhHv9EDmr4qv1w_syNaP5E8Jz_tBlk-RPBtv2vPA797oEi-_8zEPolVVr9mwro-26SEvjA5Rr76ehW94o1GvpOV-D3bqsy-KawWvYsl8L6hKt49Sntdv-lUDj_0B92-lA9NvxWhrj4qtSw_vkFiP7Hjar5PsO4-337EPQwsw75eCpQ-uJefv4VIyj8Yvle_QX1IPB5eOb1VTMW9tbDzPc8pHr8_Vd4-dAMUv1tOVT5sEeU-2y1SP3eYb7_DQ_W-n6urP2UU_j5SNIM-n1DdPj1ruD6lLTo_nai8vYNflL402zE-s4hOP59RN76CG7q9XITFv6oUpzxEFs8-5RkrvyQzej8KtCo_Kp75P7E-w77dPqM_Dn6dvGPUzD0nN_E9-TuLv9btYb8FXw8_s7VOP3tbVDyyqhS_8Vs8PZ7c2L5P1rA-_DoeP34wm752qjY_Fwiivo7her_E-EG_IOAeP6nbcr_M-LA-C2CXv48pMb9NMn2_s3SUvz138b5FAUK-qCF4v4ndRD8TSi-9d2itvVvkLT_A8Pc-1g0oP9IJRT43yk2_qiD9vumeI7_nKHk-mCZnvatTA7_260k9pQ3_vYNJgb-MM-S9jWqmPil2vL7d4jo93Xg_P37YWT_vFwQ__lL7vTfQRz9hms4_Wl-3vRTwJD_ovpI_FHowv0BdFb8XpJ--HgCYP5pz3T57mx8_3d4tvwsa5rzbv3K_ClRuP-barj6A6tw_FVP5PmnDxr8mDmY-h5MFP48jaT5BZKm_q8nsPppOST9dgpk-N2KfPPgls7zUGOg-n9Ehv6GDyr6NKsW_j7mwPcWz6j8_hYU-izo1PjY0CT8b_ww_q0SNv9ho372Py7Y_BzKMvppAib6az648-JvKv2XJPz17Gj6_mmrDP2N89D7ZDTo-yD5HP14jK797_di-5eufP_21Nj09LGW_4AuMPiUfND81ho-9EtOjvO1Dyb7UYo6-fvr-vS_pCz_o5aC9rM2pP9BHgr2o0me_17OCPwiAfD52uTU-vR8UvYMp5b61Cj4-KOONPsuViD0Bu-Q-i5dFP_LaqL5HVpe9kzZQviS9ED_DlIO-XoOsPcw7Qj40h8k-KxhOv1PnMD7nhIE_XeUpvutx6T6Bcxs_OMDRPgTm8L6xqrg_4tZ1Pu3oeL9wtl8_puRNvjdsob_R8cW_swYGvvHbsD7vXN-_PC9oPtoTDz-e_zc_W1NXPoifg7_K-RS_DxJovhMuYbz5myq-jvbHPiYDm7-LIJG_oxZQQGU_6b7dV58-TaLNP6xJcb8zWAu_-ExGP59zyj1udQc_QSnavo6fhz98r2m-fLQXvzsuvD_TfY497yEQv_okwr6x0qw_CzIMv7dAkD8mF14_1t3Bv09AQj-CZyQ-b9WSvjS3Yr-GYce-wmEWPSKLsT7YkIa-v56gvg6Ifz8_rSs_5sUCP0F2g7_0boi_qAmNvgNoED-qmgS_NHO4v8jlvr-jbEW-GRsRPzCs3r5Tuy8-gsdVP4jEpj_7Blq_FxgBvi_cFL-sKl6_bUh6P63PWz-L3uY-GVxOvwz3Kb_QPpC928zdv_FPUb8X7vC-quGtPlzzMUDAA-W9oQaZvpXDBD-JHDk_Tc9kvY5a2D4pWoO_3XoIP08_eLst3cg_JEPHvn3Ouzzb7tq-ggDbv-2RY71wcDU-gdQ0PsVPJD6y7oI_kqkHP9bEPj9GSz8-FIqhvpTUuj3_T849DbqCvuH5FMDK8TO-vuj1P707jD_zXb4-DRwUvknWrj7O8DQ_mcvzPntSRL-6Roy9s1O1v7Mzpb5qW3M_j3mTvqi7Hb60V509gKMpv04TtL7SAZS_wW7nPuOp0L2oBSG-Qf8yPVM2ij_WYx2_j30vv22rHr_JNxHAW0u_vOvPZz9u21i_7baOPcwr8L4Cygo_Cg9_PSJkyD5uIZ-_IsfMvlqZt78vsRg_5c5TP-TD-L4tmRw_nJ-Rv5gBdj88qPw-YwsmPmHCbL-VlbQ_jgBwvwxyJT8bBCm_zJE3v9dUmj9an2S_5Wypv7cbCr9gn6Y_Mz2Pv31Rqr4xp4a9lgilvpTYc7-o_jC7Ii4FPsR1A7-i7pS-K0fMPiBhnb_L8L-9F6IyPmHCpD8VuhA_qQSLvS8kr79Vb6W_lU9mvw3V0r-IhOU90r04PurYlzzTobW_u2hFP4Fz4T7Qb4u8Ftebv8rJZj95hT6_zmLzPg5grb_U8C6_CCsOP5vBjb6BDTi_gdmpPwXvEz9fKtO-w-opPjBJvbwX030_9rY2v7rQ5r3s29e-wr2OvmKXPD8Q1aI-vFA9v6jenD5A7ZQ_nKmavn8eWD8Fy0C9t6eWPnwWDz8bkos_31C-PpERHz8CFYc_PmAjv2uVnT_A7S2_xeOtvwekrL9cZeK9AKXCvlakgT_S99Y9_B8VPubyx75mg9u-j5v2vTYHT7_xiP88vxGSv6tp37441Y6_0EtCvoswhr9Kg9w_jnihPxOD_Dxiz1C_53TePodYnj9gBBC-fBOdPk_urz-jR50_5EQqvsUC7T4EvLK-6dnXPvELB7xV-7c-9RHZPyDXuj3zAIQ_BOVlPkfYOz_lH-g9-D_av2L4a7-QEKO_pdP4vk4c3j28uzc_7g80vzvhfr8TDbG--ONFvIPtuz7IUba_VZ0fPgGjjT98zaW-V6oSvZqhV7_AB2s-yzUWPyqkID7KCQI_CwYcvq5-ET7GDS-_2wGSvSWcAL63G1k_nRSEvdy-s74dZoU_Ie1gvuW6pb2lhI6_x_syv8mPIT9O11e_-BlXvxNZ-L7oiOM-7yyHv6EKJz4nOUy_tuh2P4VcFL9LKRq_USz1vo0X4D5M_RQ_Q_0Hv9L0JL9TyCU_p9zoPsU9cD6KAXI-s2MQP6Gwfb_Bs5k_j9dKvrkzmj66lew90lWDPiSr_D09V3u-OT-jP1PrL74kfpW_Xvbpv3q5Wr9T3SE-80WMPlhedL_X0V8_RDfpvU8FFD80Ou2-hUVBvrw03z-kLn4_KJHkPosPDL97GYc-9vmkvrWTJb9XqEi_qqWaPl8-jD_WJaM-r0ydP_YLTT1bU8e-VpWkP-Qcn77b7d2-N6-7vosF2D4wE36-TEuyPnpEAD8Xozk_-YFcv9b9Kj9ykxM_FzzEvjQ9Kj9RCgk-jIXIPlbn_r7icWC-2iYaP5-ql7_dCqO_
条件分岐文、順次繰返し文、条件繰返し文をまとめて制御文と呼びます。,jYNSP00KuT8kRQnAJe5Mv7h2ob7tjl8-UYaKvqw1Vr1zMs2_tF0yv-P3S79Ju74-7hH7vUeVRD-Fyfc-xRpQvyUY0j7Vudy-jdYawDaonj_ofoq_Z5KZPxWah7_TRoK_MMSdP8RkPL-e8l4-8j1mPpBExb99rXQ-UE4Gv7vtRb-1tLG_235Kvwx72z4llm6_Rb9Cv3QkuD921QW_qxQMP9bpST8dvDi-4LDBvsILcT4F_Zo_GK43vy1uID2rana3l2YIQNQGv79JUy--30YAv3pQ2j5t23-_ZE_SPjm32D5utlu-nuXevvdU9j7FcsO_pAKAP4Wm4j-ImpW_HfybP92VZz-nEW2_sF8cv77pwj_uQ4o-dlGcvQMiVD_AnJQ_ziJOvzWLIj_FzwU9GWACv92Il7-upYW-l4XjvvGyS775ZA0_zXZpv3EWUD_OaGo_3tkDP1-0Tb8DCku_ZbEmvr_Z1D7LUo8-x7e8PqHf0z79nXo_DDUMP6skzb5UgyU__MA-v-izJT9iXxm_ZXpKv2cfZ78MPwi_csXQPyNywT-ech8_X2lUPwDrBr8yJks_vhG5v_Sw-j0fo4K_15PCP9g72r--Kfc-96_jPrp7mb4gxyo-fOUdPxwnLb_BEVY_TC2jPaclvr5SkeQ-LRAKP0Vxez_cK6o9jHsmv3MvIj5ggwi_kIj-vysh8T5Hlu49vSuRPkTk7b64NwS_NVa8PnegI786kQo-pAEWP-Se674pIQk_HUZev8xmiT7i_cC_9h0vv41VC7_-8u89XZiaPocZ4bwCi8u-uVBrPLNc3jyh2TS-YmxpPg2WdT614K6_BMAXvrDgdL9Ibgg-TFvNPl8khD17GWI_RQw3vkU_oT_3QM--qcsYvkrlnb5n7qs_TrUSPy7TJb4KC0vA98MUPukrWr9wQms_z5jGPn2UGL86BIU-_TFTv6Ks-j0gWem-59WdvkWWkj1rrKc_gs0tv9j4ir8HzRe_dZ6JvpCFgD_8LaS_7ld8Pi0YL7_gtOk-Qp3kvlYIF79NSv--3f_Gvu3baT-6PoI_fTA4P82B2b7TYpI-7eCMPD6jMr_tM4C-pfiMv93oyz6kZOQ9BMiuP_kQX76NN_S-BUpeP7OymD6t3uU-OTG_viBouT51HmQ_VY8Yv0PpkT0L9W2_hmUCvtHXtD3Z3V0-mauDPrU8gj9r_94-YGCcPupnnD64Kq-9zA-gPjoHHL-O0aS-E-4fwEls9D5kBfo9_vWKvTzziD9_PDy9nT0AQIdrH76LYLU-b2whPv2acT9kU1i82tgNv21Vv765voo-_k59voNAOr9A0tk8rOyHP3wvID9dUSI_t3NpPupZOz-b6iE-G3X_vrtHe7-FvPK-koGRP6kz_r1uqAU_GRsQvNS_ET-Y8Ze_aef6vplg9j6N21m_Bi0rvvKO_D09bC0_QMpSPiXZgD-VUuq-fW7wPUXSCb_Ml1A_9fo7P7D0TL8OFim_MNQSP4F3nr9eAvg-bOZDPXAgFT1zYqa_GQCjPblWg7__WOI-c5u3PwgOUj_0GXA9HbmNP0Vedz1ZjWU_F91yPwFw4D68D6g_OO5IPYk7pT2uEIm-gWBKPgW7Mb-GYlA_oUYOvxCao74TDcK_enFOP96DZz4C5dc_7XrYvffD2L_LPZg8VwyfP6oSSz-ElIq_-hi8P_tSID8DdoA_WaYnP5VZWr6ItzI_ACFHv67ibj4x75q_YOW_vhUQsj9q5la8iPoBPx22776yxO4-aenRvg11LL92HUA_AJFFv_mXcj9kam4_EojdvqVimL5FoLG-l8v7Pngxiz8u0xa_dKibPo5nKL9hVLS-3F0uPySmML_wdr29wuV3P6LEhD9JTQi_ZNtwP6z6yz1kudK-wDloPpy7Jb_9x5y-GOYuPxRJkD-sn9a-FMYsP616iLypa1s-MRwNvYlmxr9iobg9EO8ePxVKoz7SM1s_MH6_PnK8kT32I4u_kwjCPa6feT-Alxw_8EgiPj1LRT_2XUC_fbUjvxI6ND9dhd8_TaGbPizWrj7aCYU_lRQ1P9Y9BMAdNdQ-KoQUv5SSZT7Wsx4_tTbGvqWmob9zqJ-_kVNQP_RePD9kSNe_LWWcPfJ9tz9YaJy9_hSPP5-bJL9H9cC9sKcuPpNVkT4GXMU9U80dP7N5u75Was6_IC7pP0vbaj-Ufdc-O8-Rvx61Vr-vRiG-1iQPvVSw4D5ejo4_9pUXvz88A70cV1a_Pb0CvoQ7Zj9VgM2-Jr5Evw477r4a5Rg_TQGnPx1RMj9NLRG9PvwNvzVo4D1P_54-x-24vip3EL-NYw-_RekbPrkYGj8wxC88QEkEv0AlxD9BzSM_bcoBv8jxSL-Ha_C-RBT2PRQAGj9Zj9A-ftHDvyd4g7_97Vm8qmMBP64I0T6msZc-9rctP7jLvT7LIGC-jjiqv9Q8JL9NP4-_xcYBP7lZFz_lGC0_LfYevqv67bxH_CI9MoeEv9wBxD_O94G-MHnwPSDGdz_2WY09nQWrvg1Voz8gzQC_VVpsPlSNTj8s4IO_q9kkv1lU1j4l8LA_rWVev_IzD7_WKyG-ydtXv6P1oD-45i-_AAnbPu4HLj0R_lA_EPD2vvc5Fj-drP69JVxJv2L2Iz9XejA_TwiMvntSA799e2u923B8P-eRXT-1s6M-jtyMPhmfvL6JTnO-frM3P37HWb-H4zk78gsDwEZSiL_Sp2k_rj1Vvm1MXb-waUq-tvwQvjULlT_ULDm_f0PjP2VS4TtiXpu_EvMjP9fE7L3FEFK_OgRIP-AOwbudQ4a_ioANPrqCBT9Zcr6_WSyTP7znQz-auFa-jBQ2PuxUor41hjM_9O4cvxXTq7-lzRy-eQ-QPS8dnD7hKSk__cemvrL7qj6tYSG_NEATP41qT767XN0_K1TsO8q7sz4kB6q9e6S-v8Aa7D8XQoe_qMnavm5Tm77PVLM_iaLEv7_8sr1Xj8U-0lKgvk5elr_uVYW-xlsEv5BxWD_03XO97UWfP2lTyL-VL9e91DRPv8XVBT9SQO48C4dzPn4nb7-AxrS_PcfJvXp3zj0wXSS_rhY3P-CP475Jk_S_uxqUvY0GOz7N7SO-e_SwvwNbjT9Wjrq_dawuvpCucL-wBYW-6dufPstyE79Br6q_wMbJPtWeRj_OY40-bOkfv_X5Xj0LUfk-7p6Xv51Olz5vqpI-JQrLvu47FT_GL4G-1ceOvgH6Rz45QKw_4AC1vmDENz8VCm8-4jeBvsWjTz-Ft3M-ItKFv32cwL23SYI_04K6v1DRij5aamC_KyZ8vpoJUL5aL6w9N4IJvwWSdD_tdIe-PuU4P1nazj6yPnq_3oNCPiBIbr8QQvA-FpEAv2MaRb7KQ8C_y7P1vkvtwL9-8Sy89cIbP0VI5r3BuAU-E3mWP45Unj_FbJc-ah9MPsMhpT8GrghAhfQBP9iCFD50OYI_XvpEP9W9Mr-motM-tQ7PP4Boej8Y-d8-P1-XvompAj914r89gNzdv3kHpL9oYLW-vtJNvkP4Gr-SOcs_NexBvw6g-r6FR5i-g-4TvgKSRD51yr-_RSMLvwLHRz85XiE_JT8AP7WJJr9WkSw-yTL8PsRS7b49hg0-zrmcvQSStT4AS449ngONPS531j6rKvO-d8igvm2_tz0bqmg-03DdPgiaxb76Zhu-wdTUvu4vbj4diU6_EJI8vlFENb-hrsc-8RrbvyYgMr6EZiu_YuE0P7oou77qXoc-CwvIvmUEnz60gKq88klyPvNkGb4pUDI_nGZLPkxOO79kx_o-zN8BPy3Syj29KBNA1L_lPicAQD4o788--e_YvoIJOL52Sks_i9kfP9ts2b6_uom_xR0PwCI2RL-toG--Q6yuvq4Bi79H-S4_hBIcP6YTKj-nN5A-tBGAPghQjT9tNRg_lWTqPmh0Sr7u24a-3_syvw4m3b0HukO_8oYAPxwc3735Kty-a81MvoJF7T6BDie_bSpTPmCUJ78lAwY-JFolvEF24r1djHE-XTeiP7nqBD6IwcS9sMhYv0z-jj_HeZe-ijaQPDvb4j7X5hi-PfzKPo1Ykr5qZKC9hbsjP6INbr-KVQy_
条件分岐文は、「if <条件> <処理> endif」の形で記述され、条件が真が真の時、処理が実行されます。,wF4tP0b5uz-stC_A_RAyvqesJj_vp6W_IKIJPqnIeD-ozvq_A5iwvhppmL995Z6-IABZva7IHb4-XNc-0k6zvonAEj--luu-ZNWav0CuiT91C46_SWhaP7Mg7b_X2VK-ZjNJP4OUzT7KhCk_YYSYPx7rhL9eUFi9Iw3ePj8dNr-9-VO_Y0CEPlerar56u5S_rByfPsk4zT-3kPI-qkoRP4OPibwIGoS9-nK6vkAcij-LKIQ_BTzXvncM-r6b39E-nanLP9j00r-A7Ig-hg8ZPn-q_D6PK6m-PZT2PmB97D6Wpq--hEsTP-BcYb7Do8u_2KWhPpxlYj-Rk7W_2dqBPzIPlz5RRge-k5GUv-ZSPT5M6Hs--Yp8v8u_qz9hp58_-f6vvsrmvD8LpFa-RoENv7OmXr_Ek2m_RMCwvpCd2T7e5Uq-1GVzv7Dwmj8VScw-w1YWP2qv7T2gF9a9wAyuvpZX7z22wBU_7h2xPlz3Pb7btVY-eYCDPwz-gb-Avms-mFl-vnSVdT8Ssno-j0vNviGGh77tgbi-ypp4P4OXaz_MF3k_UYRmvzqbaT_0_WE-xbrzvieRgL9ojmC_0OaqP_RnsL9alrk_rPejP41pFj5gPw-_kTMdvz7dgb57rbY_QXKHPhhVJ7_ezX8_YDtRP7PBrb7YCiU_dIztPpY2mj4oKyw_bmoJwFBvxz3ymTk_MOW-Pt1fPL8YJaA-fl8uP3DzwL6_OcU-xSLpvpcEJb6RGNS-ah-nv9r7Xj-zVwLA5yqDvxvJAr9upSE-MDMXvhY3G7_wKSK-UEL1vIlGHL-6T4G_kacIP6IpXz75eE6-AdUhvtvGEr9vU0a-SjSFPjF0Tj9qO9k_0Fw-vpo-pD_8xg6_LfOTv0s4KL9Jue0-IUaKPjs3RL6dwV3A-lHgPeQ18T7kDAE_MzcyP--tLr_KmNo-TCzQvjiUX79EnH--dURmvYfm_L57wNQ_3ZAYvwDyKj4_yL8-mFomv9qNfT7vrNq_p2aFvo9erj0gVjI_BlEXv3TKN7-W3Ke__hSPvoo0Jj8kkV4_TfKoPwiHAz36tQS_uXCZPuF2GL8bHSc_bOMKwNWskzznazm9DO0oPt5YP7_aWME-jTDRPMxg87wHAzS_rjTLvAp6VT5hO5s_8jwtPihgcL5yrVO_ddyHP6LoHr77TJi9xLAMP1ztMb_5Ht0-05ssv9vbgL9STMW9B5GLPkylHz0nJeo9mIzUv5IjDT8VGw49TjPuvpWPFz8bQG8_I0PXP4yvob2Xswg_w8MQv56DXz8DCrE-gDwOveEYvr9sWR0_5Mwwv30qvb9Iy40-cIsWP2iSRj8mNAy__0gTPsEmkz9Su6U8u2cmv03Kqr9vL6C-8My9PhhmIb9oTac-JwZTPaHImL1RBGi_BZdVv1lCCz4VGI2_6thQvrgjYL6ny7M-t3brPudBUj9M1oG-XASMPEYI9j6s0S8-Fw3mvgpCLL9jC1e_urFRvsTvHb8kiec93KCQPhEWUL90My-_VrHYPt11xb1gJGk_XUTePgPAUj_qABw_BMz2PYeLMDzVzCM96Ff3vp2J9z5N86M_b34Avcma6T0kb62-SYduPygpsT4asa--poHdPOMd476_Qp6_41KGP9W0DD_A4C0_LmRDPp0mHL-6XSG_R37GPgv9Kr7ixVW_3jvGPk_FOT_vyZg_MtW-PmMAPT8P2R4_kNZ7v1h6rLwBh5q_e-fWP8TFrj9jx2e-b5VdPMm5ZL7DVTc_taEMv5HBDj9G9TQ_U2ILv1wjHj8udT0_8CSDvyzs7D4sVH4-__6jPwSi3j-yMC6_d9hKPxuRpj1NrTu_-k5cP17Zo75dCdi-iHuCP8TVVj8nWLi_jw-UP3nqHD7YQ5q915qIPrXVaz75Dqs_kE2ZPuUlCD8X9IG_ZkdEPz8Gdj8VLTk_-j0XvawuUr-7ozw_MTbnvs2rUT8nhFW_hJbHvm4wMT_SzTq_UEdNPtWFbz9W0TK_EEulPoNuEL4-TJk-pz6EPtXx1D4idyNARLxYvqJOYT-S0VY_OMQ2P0tSpb8p-5C-rCVtvsa8DD8hifw_DwQcv3JFob_WqS6_plpdPvgCyj4jc4y_QcfnPgAocD_oCGS-ouliP7JOS7-zxKa_XVIdv0PXbr7ictG98ZjRPj-UK7_3wmu_lsvvP1pJPL_75BC_ruxoPsO7mbzwuQi_b_exPowqrz6FEbo_MKO1vim1-D70ata_UBrsPnQBOT-RxCG-ais8v9AnhT6Wm-U-9WwNPievrj1qRMk-n1SYvyzUzD5Jh6c-l3UCPdfAl76zliC_uvWbvMWVcL4uWQO_NauBPprLtj-4DkA_e41Dv_NoDL9qmke_DiGZvkud_z61XpE_pA7Ov1J-HD5NSd2-7VO4uWOU1T6mcZY-qrmOP6kLfD-7UoW_2wQ-vuk3VD3kbVM9FkayPz4gFz-Xfcw9aAfxvvqeub4uYXq-hf0dv4TYJT8_LIO_bLPfPl6DEUDcf8q-D575vqT1FD_VKic-bmEEvzWhlz04EE-_-LJ2vq7jJb5sFgVA1IOAvq8W-r5hRt6-u8aqv8um8z5nafS-UN2jP_mNJr_GzxA-mKObvkDMxD4sazu-MLmjvQOz0z5JaRy-liz9vkGAGr9Nnro-6oVLPn2UG77oqnC8g_m-PVfjHb-qzRO-HPMrP-Fs275at_S9ZJd0v3I6K78Hxc8-3rJOvh3C6L6DpP2-acKTvuQ4XT_KPYG_ChvWPlA3bz9VhJO-rB_FPvW6LD_hXLa_xvKdvtcw6b3GNCq_9D3GvlG0PT8FALS_HsvvPtXLDD_nKC49MtqAvMuIDb4uwai-AOjZPNihnL97eV4_2VEIP_KHAT-jJpg_IgDFvmZHQT-v8-c-gdfePnpTND4WgT4_v8A6P1p7vb7cD7E9dJ_Pv-kfqz_mmZW_DFFUvyQEhT7j0vg_zDaZv3uSkb4kakm-XGiZvNxuf7-47x8-f2ejvnRmOb75q0a_uZPQPi1wc763Q2I_s3QVvhEC1r6iHN--J1ONvI6jlL_6Ahi_g71zv0uVUr-6mQw-keniPiEZ2L5vR9O_vubQvmqDtr45vCm_-hU6PhuMJT_NPYW_L3pNvlw8l79Q1aG_w91WPgZ8Ub9Exyu_Xig1P9LKbj8QCuI-41SsvsZXcr3pI1A_1cd1vrGhbz4BmRC_Eswlv3DsCz9BFj49b52Uv7WeAr9-_lg_nr5kPgYFUD8L9Ek_0scIvgq16D5Vpdg_HQ9LvgNUAz7Jizk_iRGlvw-7Jr4BeKS_YiTBvl5wcr9oDya_TFXRvkB5mD93uW0_E7grPim0Tz4R0Wu_LgYxP-pXu75RX8E-5ABzv4ezzD5KYo-_QIXwvoxR6b9vja8_0qFUPzDCg773ie4-9JnvP0NAnz-zPu4-Ay8pP6eruD7sSxU_Bo5NPy9hgr7Tsja-MTdUvkal6D1oPo4_fkVhP_blnz_uNFY_W_gzPnR3hD9d910_vvsHwJ7qub_auSS_uN9BPi_TzD6B9bs_CwKOPksdAD7-ajy8PVOgvvtOLr6Rn72_-A6RvgkOiT8elDk-WlQmvs9wQ78GUHo-zNTeP8ZlHTyWAuk--Ms2v4MaKz-orbO-Ztl_PhRNarxdJ0S_11k2v5OKEL8e-YM_XsOaPVcbar1NPQK_2zbNvnUvhD_qT-K9lU9jv3fiLL9QsnI_0CV4vyykHb5eB5a--Lo5P0Sdeb84Fq0-_qr0vipDAD8RCdA-XsNJvsXUpL8DYps_x-a9Pi0a3b6yHQy_W_MFP5UuwL4fEY4_FmQoP0mCWD9yAMS9EyeSvhtPED-4AMQ7lTA2P5EDMT70jNe_j2u3v7CRkb8VPJk_yc0QPufFu78g-1Y_CmGJPrIFnD4sVny8HEKAPORlBkAyz6c9wK1Dvix8mj7Bi-W9XlnDvmfbPr-_JzC_UyAZPx3_ID8kLpq-Wv7aPn6-676WWwi_z43gPuwxQL4gDgY_weSEvuhuub6c85i9svWBP1oHCz96mL88N9utv1JNDz4exQI_LNLFvVW9RD-9HS-_f1ZJvbcz7b70BLY-pBmDvi2FfL9WAXu_
